kagla,/ˈkɑɡlɑ/
kniäzä,/ˈknʲiæ̯zʲæ/
jo,/ˈjo/
avtobussa,/ˈɑʋtoˌbusːɑ/
aivot,/ˈɑi̯ʋot/
tuiskukuu,/ˈtui̯skuˌkuː/
keviä,/ˈkeʋiæ̯/
eglein,/ˈeɡlʲei̯n/
laki,/ˈlɑki/
armahuš,/ˈɑrmɑhuʃ/
ku,/ˈku/
piäššä,/ˈpiæ̯ʃːæ/
piirdiä,/ˈpiːrdʲiæ̯/
pitkä,/ˈpitkæ/
eri,/ˈeri/
hauta,/ˈhɑu̯tɑ/
honga,/ˈhoŋɡɑ/
hyybie,/ˈhyːbie̯/
jygie,/ˈjyɡie̯/
mehiläini,/ˈmehiˌlʲæi̯nʲi/
kipu,/ˈkipu/
lumi,/ˈlumi/
zakona,/ˈzɑkonɑ/
huoli,/ˈhuo̯lʲi/
ligakuu,/ˈlʲiɡɑˌkuː/
ei,/ˈei̯/
laukku,/ˈlɑu̯kːu/
muu,/ˈmuː/
vaihto,/ˈʋɑi̯hto/
šorša,/ˈʃorʃɑ/
vieraš,/ˈʋie̯rɑʃ/
šinini,/ˈʃinʲinʲi/
vuosi,/ˈʋuo̯sʲi/
kaivua,/ˈkɑi̯ʋuɑ̯/
maido,/ˈmɑi̯do/
šuuri,/ˈʃuːri/
jälki,/ˈjælʲki/
löttö,/ˈlʲøtʲːø/
joga,/ˈjoɡɑ/
kuuši,/ˈkuːʃi/
heponi,/ˈheponʲi/
kiukua,/ˈkiu̯kuɑ̯/
petra,/ˈpetrɑ/
itikkä,/ˈitʲikːæ/
lokka,/ˈlokːɑ/
vesikorento,/ˈʋesʲiˌkorento/
klʹukka,/ˈklʲukːɑ/
kotka,/ˈkotkɑ/
šuuruš,/ˈʃuːruʃ/
hauda,/ˈhɑu̯dɑ/
vanhempi,/ˈʋɑnhempi/
tuukkajahaukka,/ˈtuːkːɑjɑˌhɑu̯kːɑ/
ilma,/ˈilmɑ/
jouši,/ˈjou̯ʃi/
šormi,/ˈʃormi/
jauho,/ˈjɑu̯ho/
luu,/ˈluː/
muamykrä,/ˈmuɑ̯ˌmykræ/
pakkaškuu,/ˈpɑkːɑʃˌkuː/
konža,/ˈkonʒɑ/
mieš,/ˈmie̯ʃ/
rahvaš,/ˈrɑhʋɑʃ/
tuisku,/ˈtui̯sku/
kuu,/ˈkuː/
hoppu,/ˈhopːu/
huomena,/ˈhuo̯menɑ/
viessata,/ˈʋie̯sːɑtɑ/
pöllöhaukka,/ˈpølʲːøˌhɑu̯kːɑ/
toini toisen,/ˈtoi̯nʲi ˌtoi̯sen/
höyry,/ˈhøy̯ry/
karjala,/ˈkɑrjɑlɑ/
očča,/ˈot͡ʃːɑ/
kampala,/ˈkɑmpɑlɑ/
šada,/ˈʃɑdɑ/
eurovision laulukilpailu,/ˈeu̯roˌʋisʲion ˈlɑu̯luˌkilpɑi̯lu/
šeiččemen,/ˈʃei̯t͡ʃːemen/
hyybiehaukka,/ˈhyːbie̯ˌhɑu̯kːɑ/
kasi,/ˈkɑsʲi/
adra,/ˈɑdrɑ/
peltohiiri,/ˈpeltoˌhiːri/
huuhkaja,/ˈhuːhkɑjɑ/
antilaš,/ˈɑntilɑʃ/
liiva,/ˈlʲiːʋɑ/
ruoččiheinä,/ˈruo̯t͡ʃːiˌhei̯nʲæ/
tämmöni,/ˈtæmːønʲi/
vintofka,/ˈʋintofkɑ/
hivuš,/ˈhiʋuʃ/
kaunisʹ,/ˈkɑu̯nʲisʲ/
virži,/ˈʋirʒi/
kiittyä,/ˈkiːtʲːyæ̯/
hiiri,/ˈhiːri/
ijen,/ˈijen/
kolme,/ˈkolme/
šiili,/ˈʃiːlʲi/
kalakukko,/ˈkɑlɑˌkukːo/
aida,/ˈɑi̯dɑ/
kešä,/ˈkeʃæ/
värčči,/ˈʋært͡ʃːi/
talvikuu,/ˈtɑlʋiˌkuː/
harpauš,/ˈhɑrpɑu̯ʃ/
ämmö,/ˈæmːø/
ijulʹa,/ˈijulʲɑ/
vägevä,/ˈʋæɡeʋæ/
sakona,/ˈsɑkonɑ/
avata,/ˈɑʋɑtɑ/
noita,/ˈnoi̯tɑ/
kravatti,/ˈkrɑʋɑtʲːi/
korvasieni,/ˈkorʋɑˌsʲie̯nʲi/
eglen,/ˈeɡlʲen/
šija,/ˈʃijɑ/
juuri,/ˈjuːri/
kivi,/ˈkiʋi/
kazi,/ˈkɑzʲi/
ozra,/ˈozrɑ/
ativo,/ˈɑtʲiʋo/
šana,/ˈʃɑnɑ/
kennih,/ˈkenʲːih/
korpi,/ˈkorpi/
järvi,/ˈjærʋi/
hyppy,/ˈhypːy/
šygyžkuu,/ˈʃyɡyʃˌkuː/
hospoti,/ˈhospotʲi/
lapši,/ˈlɑpʃi/
äijä,/ˈæi̯jæ/
pereh,/ˈpereh/
guada,/ˈɡuɑ̯dɑ/
ahinko,/ˈɑhiŋko/
kaunis,/ˈkɑu̯nʲis/
gorničča,/ˈɡornit͡ʃːɑ/
elo,/ˈelo/
tuukkaja,/ˈtuːkːɑjɑ/
mančikka,/ˈmɑnt͡ʃikːɑ/
tuli,/ˈtuli/
äijäpäivä,/ˈæi̯jæˌpæi̯ʋæ/
armo,/ˈɑrmo/
ižä,/ˈiʒæ/
luzikka,/ˈluzʲikːɑ/
jumala,/ˈjumɑlɑ/
pois,/ˈpoi̯s/
joko,/ˈjoko/
hämehikki,/ˈhæmeˌhikːi/
aika,/ˈɑi̯kɑ/
kuva,/ˈkuʋɑ/
niädä,/ˈnʲiæ̯dæ/
dekabri,/ˈdʲekɑbrʲi/
lehti,/ˈlʲehtʲi/
palava,/ˈpɑlɑʋɑ/
ainoš,/ˈɑi̯noʃ/
kurgi,/ˈkurɡi/
egläin,/ˈeɡlʲæi̯n/
vanha,/ˈʋɑnhɑ/
pillu,/ˈpilːu/
merda,/ˈmerdɑ/
lampi,/ˈlɑmpi/
kerroš,/ˈkerːoʃ/
kuuži,/ˈkuːʒi/
mela,/ˈmelɑ/
eläntä,/ˈelʲænʲtʲæ/
hibiehiiri,/ˈhibie̯ˌhiːri/
čirppi,/ˈt͡ʃirpːi/
ilveš,/ˈilʋeʃ/
šyyškuu,/ˈʃyːʃˌkuː/
ajelupualikka,/ˈɑjeluˌpuɑ̯lʲikːɑ/
painajaini,/ˈpɑi̯nɑjɑi̯nʲi/
palokärki,/ˈpɑloˌkærki/
myö,/ˈmyø̯/
akka,/ˈɑkːɑ/
kieli,/ˈkie̯lʲi/
päivä,/ˈpæi̯ʋæ/
kova,/ˈkoʋɑ/
keški-ikäni,/ˈkeʃkiˌikænʲi/
pedra,/ˈpedrɑ/
pränä,/ˈprænʲæ/
harppauš,/ˈhɑrpːɑu̯ʃ/
lämmin,/ˈlʲæmːin/
hyvä,/ˈhyʋæ/
hukka,/ˈhukːɑ/
šoma,/ˈʃomɑ/
jänisʹ,/ˈjænʲisʲ/
auli,/ˈɑu̯lʲi/
koira,/ˈkoi̯rɑ/
tuo,/ˈtuo̯/
čirpi,/ˈt͡ʃirpi/
ašnita,/ˈɑʃnʲitɑ/
nyplä,/ˈnʲyplʲæ/
kaklapaikka,/ˈkɑklɑˌpɑi̯kːɑ/
nyköiskarjalaini,/ˈnʲykøi̯sˌkɑrjɑˌlɑi̯nʲi/
tuulikuu,/ˈtuːlʲiˌkuː/
mado,/ˈmɑdo/
hyypie,/ˈhyːpie̯/
kuore,/ˈkuo̯re/
muailma,/ˈmuɑ̯ˌilmɑ/
ukko,/ˈukːo/
huomneš,/ˈhuo̯mneʃ/
joučen,/ˈjou̯t͡ʃen/
hepo,/ˈhepo/
repo,/ˈrepo/
iäreh,/ˈiæ̯reh/
paikka,/ˈpɑi̯kːɑ/
paimen,/ˈpɑi̯men/
kormano,/ˈkormɑno/
tammikuu,/ˈtamːiˌkuː/
kulkulagi,/ˈkulkuˌlɑɡi/
oraškuu,/ˈorɑʃˌkuː/
augusta,/ˈɑu̯ɡustɑ/
lakši,/ˈlɑkʃi/
meččo,/ˈmet͡ʃːo/
nʹokka,/ˈnʲokːɑ/
ahaš,/ˈɑhɑʃ/
ammatillini,/ˈɑmːɑˌtʲilʲːinʲi/
peili,/ˈpei̯lʲi/
priha,/ˈprihɑ/
hyypiehaukka,/ˈhyːpie̯ˌhɑu̯kːɑ/
yskä,/ˈysʲkæ/
nämä,/ˈnʲæmæ/
höyli,/ˈhøy̯lʲi/
kaivo,/ˈkɑi̯ʋo/
šänky,/ˈʃæŋky/
heinä,/ˈhei̯nʲæ/
ryšä,/ˈryʃæ/
ilveyš,/ˈilʋey̯ʃ/
vihma,/ˈʋihmɑ/
henki,/ˈheŋki/
käsi,/ˈkæsʲi/
kruuška,/ˈkruːʃkɑ/
late,/ˈlɑte/
lehmä,/ˈlʲehmæ/
niekla,/ˈnʲie̯klɑ/
uuni,/ˈuːnʲi/
senʹtʹabri,/ˈsʲenʲtʲɑbrʲi/
mennä,/ˈmenːæ/
aiga,/ˈɑi̯ɡɑ/
šajekuu,/ˈʃɑjeˌkuː/
šeiččimen,/ˈʃei̯t͡ʃːimen/
hibie,/ˈhibie̯/
kätyt,/ˈkætʲyt/
čidžilyškä,/ˈt͡ʃid͡ʒiˌlʲyʃkæ/
viärä,/ˈʋiæ̯ræ/
haukka,/ˈhɑu̯kːɑ/
nyblä,/ˈnʲyblʲæ/
jevrei,/ˈjeʋrei̯/
lisätä,/ˈlisætæ/
altina,/ˈɑltʲinɑ/
pelto,/ˈpelto/
appi,/ˈɑpːi/
korničča,/ˈkornit͡ʃːɑ/
šaje,/ˈʃɑje/
kodi,/ˈkodʲi/
kežäkuu,/ˈkeʒæˌkuː/
lika,/ˈlʲikɑ/
kojitoin,/ˈkojitoi̯n/
liäžö,/ˈliæ̯ʒø/
tähti,/ˈtʲæhtʲi/
šata,/ˈʃɑtɑ/
höberö,/ˈhøberø/
kartouhka,/ˈkɑrtou̯hkɑ/
värči,/ˈʋært͡ʃi/
kurki,/ˈkurki/
präkkö,/ˈprækːø/
šykšy,/ˈʃykʃy/
akottuo,/ˈɑkotːuo̯/
haugi,/ˈhɑu̯ɡi/
hädä,/ˈhædʲæ/
nuori,/ˈnuo̯ri/
elokuu,/ˈeloˌkuː/
kontie,/ˈkontie̯/
valehičča,/ˈʋɑlehit͡ʃːɑ/
nogi,/ˈnoɡi/
šeinä,/ˈʃei̯nʲæ/
työ,/ˈtʲyø̯/
puu,/ˈpuː/
paha,/ˈpɑhɑ/
venäjä,/ˈʋenʲæjæ/
zirkalo,/ˈzʲirkɑlo/
kipie,/ˈkipie̯/
ta,/ˈtɑ/
hukankorenda,/ˈhukɑŋˌkorendɑ/
hipiehiiri,/ˈhipie̯ˌhiːri/
kallivo,/ˈkɑlʲːiʋo/
ahe,/ˈɑhe/
kaglapaikka,/ˈkɑɡlɑˌpɑi̯kːɑ/
ešte,/ˈeʃtʲe/
korvašieni,/ˈkorʋɑˌʃie̯nʲi/
marta,/ˈmɑrtɑ/
iče,/ˈit͡ʃe/
kniiga,/ˈknʲiːɡɑ/
ijunʹa,/ˈijunʲɑ/
hiän,/ˈhiæ̯n/
ennakkuolʹta,/ˈenːɑkˌkuo̯lʲtɑ/
imadra,/ˈimɑdrɑ/
riähkä,/ˈriæ̯hkæ/
armaš,/ˈɑrmɑʃ/
ahašhenkini,/ˈɑhɑʃˌheŋkinʲi/
tuaš,/ˈtuɑ̯ʃ/
kevätkuu,/ˈkeʋætˌkuː/
nellä,/ˈnʲelʲːæ/
valehella,/ˈʋɑlehelːɑ/
väkövä,/ˈʋækøʋæ/
tuatto,/ˈtuɑ̯tːo/
honka,/ˈhoŋkɑ/
kevät,/ˈkeʋæt/
apie,/ˈɑpie̯/
vereš,/ˈʋereʃ/
kivyäri,/ˈkiʋyæ̯ri/
ilda,/ˈildɑ/
meččä,/ˈmet͡ʃːæ/
äijän,/ˈæi̯jæn/
zmeja,/ˈzmejɑ/
kilpikonna,/ˈkilʲpiˌkonːɑ/
pakkani,/ˈpɑkːɑnʲi/
pokko,/ˈpokːo/
halʹlʹakka,/ˈhɑlʲːɑkːɑ/
tämä,/ˈtʲæmæ/
autobušši,/ˈɑu̯toˌbuʃːi/
valo,/ˈʋɑlo/
šorža,/ˈʃorʒɑ/
inehmine,/ˈinʲehminʲe/
piäh,/ˈpiæ̯h/
kapusta,/ˈkɑpustɑ/
alah,/ˈɑlɑh/
atra,/ˈɑtrɑ/
muamo,/ˈmuɑ̯mo/
ne,/ˈnʲe/
verkko,/ˈʋerkːo/
männä,/ˈmænːæ/
smeja,/ˈsmejɑ/
valeh,/ˈʋɑleh/
kniäsä,/ˈknʲiæ̯sʲæ/
kate,/ˈkɑte/
keškiigäne,/ˈkeʃkiˌiɡænʲe/
jiä,/ˈjiæ̯/
vuoži,/ˈʋuo̯ʒi/
nero,/ˈnʲero/
aševelvollini,/ˈɑʃeˌʋelʋolʲːinʲi/
manšikka,/ˈmɑnʃikːɑ/
gosʹtʹa,/ˈɡosʲtʲɑ/
kariela,/ˈkɑrʲie̯lɑ/
šygyžy,/ˈʃyɡyʒy/
liäšö,/ˈliæ̯ʃø/
šanakniiga,/ˈʃɑnɑˌknʲiːɡɑ/
herneh,/ˈhernʲeh/
kivari,/ˈkiʋɑri/
liga,/ˈlʲiɡɑ/
lebedi,/ˈlʲebedʲi/
virši,/ˈʋirʃi/
hospodi,/ˈhospodʲi/
mozgut,/ˈmozɡut/
pakkaiskuu,/ˈpɑkːɑi̯sˌkuː/
piässä,/ˈpiæ̯sʲːæ/
hapan,/ˈhɑpɑn/
korenda,/ˈkorendɑ/
nojabrʹa,/ˈnojɑbrʲɑ/
naine,/ˈnɑi̯nʲe/
hengi,/ˈheŋɡi/
krollikka,/ˈkrolʲːikːɑ/
kahekšan,/ˈkɑhekʃɑn/
kirikkö,/ˈkirikːø/
valehtua,/ˈʋɑlehtuɑ̯/
ahku,/ˈɑhku/
yö,/ˈyø̯/
andilaš,/ˈɑndilɑʃ/
kangaš,/ˈkɑŋɡɑʃ/
pimiekuu,/ˈpimie̯ˌkuː/
pakkane,/ˈpɑkːɑne/
palokärgi,/ˈpɑloˌkærɡi/
appiukko,/ˈɑpːiˌukːo/
kylä,/ˈkylʲæ/
maito,/ˈmɑi̯to/
kakla,/ˈkɑklɑ/
linna,/ˈlʲinːɑ/
kyngä,/ˈkyŋɡæ/
lumiukko,/ˈlumiˌukːo/
ahkera,/ˈɑhkerɑ/
oraš,/ˈorɑʃ/
lypšyä,/ˈlʲypʃyæ̯/
kibie,/ˈkibie̯/
korbi,/ˈkorbi/
henkityš,/ˈheŋkitʲyʃ/
yksitoista,/ˈyksʲiˌtoi̯stɑ/
verko,/ˈʋerko/
kukka,/ˈkukːɑ/
mie,/ˈmie̯/
mi,/ˈmi/
kanži,/ˈkɑnʒi/
nʹonʹnʹo,/ˈnʲonʲːo/
uni,/ˈunʲi/
niken,/ˈnʲiken/
ikä,/ˈikæ/
iččeš,/ˈit͡ʃːeʃ/
hengityš,/ˈheŋɡitʲyʃ/
hipie,/ˈhipie̯/
čiili,/ˈt͡ʃiːlʲi/
jogo,/ˈjoɡo/
emä,/ˈemæ/
toži,/ˈtoʒi/
koi,/ˈkoi̯/
bokko,/ˈbokːo/
kondie,/ˈkondie̯/
mato,/ˈmɑto/
poika,/ˈpoi̯kɑ/
käzi,/ˈkæzʲi/
airo,/ˈɑi̯ro/
jälgi,/ˈjælʲɡi/
mägrä,/ˈmæɡræ/
abie,/ˈɑbie̯/
kolmaš,/ˈkolmɑʃ/
igen,/ˈiɡen/
riehtilä,/ˈrie̯htʲilʲæ/
mygrä,/ˈmyɡræ/
kakši,/ˈkɑkʃi/
muamygrä,/ˈmuɑ̯ˌmyɡræ/
lusikka,/ˈlusʲikːɑ/
harakka,/ˈhɑrɑkːɑ/
karjalaini,/ˈkɑrjɑˌlɑi̯nʲi/
jiähä,/ˈjiæ̯hæ/
kannanlakši,/ˈkɑnːɑnˌlɑkʃi/
mykrä,/ˈmykræ/
ahašhengine,/ˈɑhɑʒˌheŋɡinʲe/
šie,/ˈʃie̯/
höperö,/ˈhøperø/
vavarno,/ˈʋɑʋɑrno/
toine,/ˈtoi̯nʲe/
viizi,/ˈʋiːzʲi/
vilu,/ˈʋilu/
ružja,/ˈruʒjɑ/
toini,/ˈtoi̯nʲi/
heimo,/ˈhei̯mo/
ahkivo,/ˈɑhkiʋo/
koti,/ˈkotʲi/
kokka,/ˈkokːɑ/
huukkaja,/ˈhuːkːɑjɑ/
se,/ˈsʲe/
suksi,/ˈsuksi/
čakka,/ˈt͡ʃɑkːɑ/
viijes,/ˈʋiːjes/
viisi,/ˈʋiːsʲi/
häkki,/ˈhækːi/
hebo,/ˈhebo/
apu,/ˈɑpu/
flynteri,/ˈflʲyntʲeri/
kainalo,/ˈkɑi̯nɑlo/
kerppu,/ˈkerpːu/
hirvi,/ˈhirʋi/
pimie,/ˈpimie̯/
tosi,/ˈtosʲi/
šiä,/ˈʃiæ̯/
valehuš,/ˈʋɑlehuʃ/
kuali,/ˈkuɑ̯lʲi/
kumpi,/ˈkumpi/
mussikka,/ˈmusʲːikːɑ/
korento,/ˈkorento/
širkkalo,/ˈʃirkːɑlo/
kuničča,/ˈkunʲit͡ʃːɑ/
huttu,/ˈhutːu/
ämmä,/ˈæmːæ/
šuomi,/ˈʃuo̯mi/
kani,/ˈkɑnʲi/
keldane,/ˈkeldɑnʲe/
miljoona,/milˈjoːnɑ/
mozgu,/ˈmozɡu/
kauha,/ˈkɑu̯hɑ/
čuasti,/ˈt͡ʃuɑ̯sʲtʲi/
kulʹtura,/kulʲˈturɑ/
šulakuu,/ˈʃulɑˌkuː/
minih,/ˈminʲih/
sinine,/ˈsʲinʲinʲe/
kiittiä,/ˈkiːtʲːiæ̯/
arvo,/ˈɑrʋo/
muru,/ˈmuru/
ken,/ˈken/
louhi,/ˈlou̯hi/
kyllä,/ˈkylʲːæ/
risti,/ˈrisʲtʲi/
homeh,/ˈhomeh/
ilta,/ˈiltɑ/
vanhembi,/ˈʋɑnhembi/
kumbane,/ˈkumbɑnʲe/
iäni,/ˈiæ̯nʲi/
eepossa,/ˈeːposːɑ/
kurva,/ˈkurʋɑ/
kello,/ˈkelːo/
pii,/ˈpiː/
rebo,/ˈrebo/
ihmini,/ˈihminʲi/
poiga,/ˈpoi̯ɡɑ/
äkevyš,/ˈækeʋyʃ/
vuojeh,/ˈʋuo̯jeh/
veri,/ˈʋerʲi/
harmua,/ˈhɑrmuɑ̯/
peldo,/ˈpeldo/
elätti,/ˈelʲætʲːi/
langa,/ˈlɑŋɡɑ/
kilpailu,/ˈkilpɑi̯lu/
arvata,/ˈɑrʋɑtɑ/
dekabrʹa,/ˈdʲekɑbrʲɑ/
kala,/ˈkɑlɑ/
nimi,/ˈnʲimi/
poisʹ,/ˈpoi̯sʲ/
žiivatta,/ˈʒiːʋɑtːɑ/
liävä,/ˈlʲiæ̯ʋæ/
leppä,/ˈlʲepːæ/
eklen,/ˈeklʲen/
ruškie,/ˈruʃkie̯/
higi,/ˈhiɡi/
kulkkulaki,/ˈkulkːuˌlɑki/
äkie,/ˈækie̯/
aprelʹa,/ˈɑprʲelʲɑ/
kulkku,/ˈkulkːu/
rotta,/ˈrotːɑ/
orava,/ˈorɑʋɑ/
pilvi,/ˈpilʲʋi/
eklein,/ˈeklʲei̯n/
ruoho,/ˈruo̯ho/
haju,/ˈhɑju/
ryžä,/ˈryʒæ/
nokikana,/ˈnokiˌkɑnɑ/
kanta,/ˈkɑntɑ/
härgä,/ˈhærɡæ/
yksitoisʹtʹa,/ˈyksʲiˌtoi̯sʲtʲɑ/
olut,/ˈolut/
rašvakatti,/ˈrɑʃʋɑˌkɑtʲːi/
igä,/ˈiɡæ/
adivo,/ˈɑdʲiʋo/
köyhä,/ˈkøy̯hæ/
peldohiiri,/ˈpeldoˌhiːrʲi/
yhekšän,/ˈyhekʃæn/
keški-ikähini,/ˈkeʃkiˌikæhinʲi/
täh,/ˈtʲæh/
šiivatta,/ˈʃiːʋɑtːɑ/
yškä,/ˈyʃkæ/
kaniini,/ˈkanʲiːnʲi/
lʹolʹlʹo,/ˈlʲolʲːo/
aita,/ˈɑi̯tɑ/
porraš,/ˈporːɑʃ/
keli,/ˈkelʲi/
kiugua,/ˈkiu̯ɡuɑ̯/
kežä,/ˈkeʒæ/
hajukaš,/ˈhɑjukɑʃ/
ajelušpualikka,/ˈɑjeluʃˌpuɑ̯lʲikːɑ/
aloveh,/ˈɑloʋeh/
tyttö,/ˈtʲytʲːø/
pavarča,/ˈpɑʋɑrt͡ʃɑ/
greču,/ˈɡret͡ʃu/
kärgi,/ˈkærɡi/
hanhi,/ˈhɑnhi/
huomeneš,/ˈhuo̯meneʃ/
keyhä,/ˈkey̯hæ/
konša,/ˈkonʃɑ/
kyly,/ˈkylʲy/
aitta,/ˈɑi̯tːɑ/
heinäkuu,/ˈhei̯nʲæˌkuː/
vezi,/ˈʋezʲi/
