sõnāvīļa,/ˈsɯnɑːˌviːʎɑ/
aițumāl,/ˈɑicumɑːl/
laint,/ˈlɑint/
jo’ug,/ˈjoˀuɡ/
broutšõ,/ˈbrout͡ʃə/
tȭlza,/ˈtɯːlzɑ/
āigiņ,/ˈɑːiɡiɲ/
iŗāmǭŗa,/ˈirʲɑːˌmɒːrʲɑ/
tajā,/ˈtɑjɑː/
pūdõ,/ˈpuːdə/
tus,/ˈtus/
sizāl,/ˈsizɑːl/
lūdõ,/ˈluːdə/
jei,/ˈjei/
tsukkõr,/ˈtsukːər/
pēgal,/ˈpeːɡɑl/
kūjastõ,/ˈkuːjɑstə/
kūdtuoistõnz,/ˈkuːdˌtuoistənz/
mäng,/ˈmænɡ/
kistāntõ,/ˈkistɑːntə/
partikõl,/ˈpɑrtikəl/
dek,/ˈdek/
lǟ’dõ,/ˈlæːˀdə/
a’llitas,/ˈɑˀlːiˌtɑs/
pešlinki,/ˈpeʃlinki/
sǭtõks,/ˈsɒːtəks/
ät,/ˈæt/
mu’džõ,/ˈmuˀdʒə/
redīsõz,/ˈrediːsəz/
uḑā,/ˈuɟɑː/
rõ’v,/ˈrɯˀv/
krõbīž,/ˈkrɯbiːʒ/
pakkõ,/ˈpɑkːə/
a’lli,/ˈɑˀlːi/
äp,/ˈæp/
rõk,/ˈrɯk/
mȭka,/ˈmɯːkɑ/
ullõ,/ˈulːə/
šveits,/ˈʃveits/
ne’isiz,/ˈneˀiˌsiz/
īekõ,/ˈiːekə/
pǟrna,/ˈpæːrnɑ/
vakț,/ˈvɑkc/
sušā,/ˈsuʃɑː/
kruțk,/ˈkruck/
vagāŗ,/ˈvɑɡɑːrʲ/
vi’zzõ,/ˈviˀzːə/
jālgab,/ˈjɑːlɡɑb/
šilt,/ˈʃilt/
kīetõ,/ˈkiːetə/
ti’g,/ˈtiˀɡ/
katkismus,/ˈkɑtkismus/
pȯsk,/ˈpɤsk/
ī’m,/ˈiːˀm/
kud,/ˈkuˀd/
āiga,/ˈɑːiɡɑ/
vīdõz,/ˈviːdəz/
jemā,/ˈjemɑː/
ēļ,/ˈeːʎ/
īeīr,/ˈiːeˌiːr/
sastā,/ˈsɑstɑː/
seiskimdõz,/ˈseisˌkimdəz/
pippõr,/ˈpipːər/
kougõl,/ˈkouɡəl/
tierōda,/ˈtieˌroːdɑ/
kand,/ˈkɑnd/
patli,/ˈpɑtli/
kāinal,/ˈkɑːinɑl/
lēba,/ˈleːbɑ/
kǟrani,/ˈkæːrɑni/
and,/ˈɑnd/
mõlā,/ˈmɯlɑː/
tutkām,/ˈtutkɑːm/
rīprok,/ˈriːpˌrok/
a’mši,/ˈɑˀmʃi/
rūostõ,/ˈruːostə/
ri’ggi,/ˈriˀɡːi/
priš,/ˈpriʃ/
pȯļtõ,/ˈpɤʎtə/
vaŗīkš,/ˈvɑrʲiːkʃ/
vakțõ,/ˈvɑkcə/
kim,/ˈkim/
slikțõ,/ˈslikcə/
tilā,/ˈtilɑː/
lubā,/ˈlubɑː/
kūzõ,/ˈkuːzə/
ne’ikuine’i,/ˈneˀiˌkuiˌneˀi/
spīegiļ,/ˈspiːeɡiʎ/
nīž,/ˈniːʒ/
sandrok,/ˈsɑndˌrok/
sumār,/ˈsumɑːr/
ulzāndaji,/ˈulzˌɑːndɑji/
oksnõ,/ˈoksnə/
lȭtstõ,/ˈlɯːtstə/
tuņšlõ,/ˈtuɲʃlə/
nēļasadā,/ˈneːʎɑˌsɑdɑː/
sižālikki,/ˈsiʒɑːlikːi/
sõ’vvõ,/ˈsɯˀvːə/
kērabi,/ˈkeːrɑbi/
kǭ’dõkssadā,/ˈkɒːˀdəksˌsɑdɑː/
mǟrgandõ,/ˈmæːrɡɑndə/
pȯ’ddõ,/ˈpɤˀdːə/
tundtõb,/ˈtundtəb/
kõ’l,/ˈkɯˀl/
tšūrtša,/ˈt͡ʃuːrt͡ʃɑ/
tū’gõ,/ˈtuːˀɡə/
nēļakimdõz,/ˈneːʎɑˌkimdəz/
mõitiz,/ˈmɯitiz/
pīendrõks,/ˈpiːendrəks/
analōgij,/ˈɑnɑloːɡij/
rink,/ˈrink/
alāstli,/ˈɑlɑːstli/
mu’ļki,/ˈmuˀʎki/
kuļ,/ˈkuʎ/
englišmǭ,/ˈenɡliʃˌmɒː/
rōda,/ˈroːdɑ/
lǟlamstiz,/ˈlæːlɑmstiz/
nēļa,/ˈneːʎɑ/
pūolõ,/ˈpuːolə/
vȯstõ,/ˈvɤstə/
nanā,/ˈnɑnɑː/
portugāl,/ˈportuɡɑːl/
ažāpū,/ˈɑʒɑːˌpuː/
kuņštnikā,/ˈkuɲʃtˌnikɑː/
vabā,/ˈvɑbɑː/
kartõ,/ˈkɑrtə/
paizõ,/ˈpɑizə/
põrmstõ,/ˈpɯrmstə/
īsland,/ˈiːslɑnd/
kiužõ,/ˈkiuʒə/
pǭ’gstõ,/ˈpɒːˀɡstə/
frantsij,/ˈfrɑntsij/
tienāndõks,/ˈtienɑːndəks/
verm,/ˈverm/
põnkt,/ˈpɯnkt/
vi’llõ,/ˈviˀlːə/
jemīņ,/ˈjemiːɲ/
kaļāj,/ˈkɑʎɑːj/
võ’ilõ,/ˈvɯˀilə/
vȯrābõz,/ˈvɤrɑːbəz/
tierā,/ˈtierɑː/
kūok,/ˈkuːok/
mūnda,/ˈmuːndɑ/
käpā,/ˈkæpɑː/
o’vstõd,/ˈoˀvstəd/
kūora,/ˈkuːorɑ/
kuskis,/ˈkuskis/
no’jjõ,/ˈnoˀjːə/
spāņ,/ˈspɑːɲ/
ri’ddõ,/ˈriˀdːə/
mõtsāizānd,/ˈmɯtsɑːˌizɑːnd/
kū’oḑõn,/ˈkuːˀoɟən/
sǟ’l,/ˈsæːˀl/
sinā,/ˈsinɑː/
jǭņpǟva kū,/ˈjɒːɲˌpæːvɑˌkuː/
ē’ḑõ,/ˈeːˀɟə/
īņõzki’lliji,/ˈiːɲəzˌkiˀlːiji/
no’ugõd,/ˈnoˀuɡəd/
vībõ,/ˈviːbə/
sǭdõ,/ˈsɒːdə/
bǭļa,/ˈbɒːʎɑ/
u’m,/ˈuˀm/
ving,/ˈvinɡ/
sigā,/ˈsiɡɑː/
bokā,/ˈbokɑː/
krämp,/ˈkræmp/
pū’ois,/ˈpuːˀois/
niŗț,/ˈnirʲc/
lä’bḑi,/ˈlæˀbɟi/
i’zrael,/ˈiˀzrɑ.el/
tārpali,/ˈtɑːrpɑli/
ni’msõnā,/ˈniˀmˌsɯnɑː/
kaņț,/ˈkɑɲc/
tidār,/ˈtidɑːr/
nūoŗkū,/ˈnuːorʲˌkuː/
o’bbõ,/ˈoˀbːə/
nǟ,/ˈnæː/
vȯ’ŗki,/ˈvɤˀrʲki/
vārza,/ˈvɑːrzɑ/
tarāvīļa,/ˈtɑrɑːˌviːʎɑ/
danktõ,/ˈdɑnktə/
purgõ,/ˈpurɡə/
makstõd,/ˈmɑkstəd/
e’ḑḑini’m,/ˈeˀɟːiˌniˀm/
mingi,/ˈminɡi/
vēļõ,/ˈveːʎə/
vȯņštõ,/ˈvɤɲʃtə/
aktsent,/ˈɑktsent/
ni’m,/ˈniˀm/
poțā,/ˈpocɑː/
ūdāigast kū,/ˈuːdˌɑːiɡɑstˌkuː/
mīm,/ˈmiːm/
pīnda,/ˈpiːndɑ/
a’r,/ˈɑˀr/
lōlatõ,/ˈloːlɑtə/
vīdsadāz,/ˈviːdˌsɑdɑːz/
pōna,/ˈpoːnɑ/
kie’vtõ,/ˈkieˀvtə/
ū’dõ,/ˈuːˀdə/
mattõ,/ˈmɑtːə/
lind,/ˈlind/
nēļatuoistõnz,/ˈneːʎɑˌtuoistənz/
ku’l,/ˈkuˀl/
kild,/ˈkild/
varāld,/ˈvɑrɑːld/
nǭțõz,/ˈnɒːcəz/
kīvit,/ˈkiːvit/
tīera,/ˈtiːerɑ/
sipšlõ,/ˈsipʃlə/
kū’j,/ˈkuːˀj/
bä’bbõrz,/ˈbæˀbːərz/
ve’rri,/ˈveˀrːi/
set,/ˈset/
pǟvakargimi,/ˈpæːvɑˌkɑrɡimi/
mǭ’dõ,/ˈmɒːˀdə/
pȯis,/ˈpɤis/
ku’ddõ,/ˈkuˀdːə/
kie’ddõrtõ,/ˈkieˀdːərtə/
neitst,/ˈneitst/
polākõz,/ˈpolɑːkəz/
jālga,/ˈjɑːlɡɑ/
nēļasadāz,/ˈneːʎɑˌsɑdɑːz/
tarāb,/ˈtɑrɑːb/
vȯrā,/ˈvɤrɑː/
itkõ,/ˈitkə/
ouki,/ˈouki/
i’z,/ˈiˀz/
skūol,/ˈskuːol/
rakkõ,/ˈrɑkːə/
piškivīļa,/ˈpiʃkiˌviːʎɑ/
pe’rri,/ˈpeˀrːi/
kǭma,/ˈkɒːmɑ/
ī’dlimi,/ˈiːˀdlimi/
ovāri,/ˈovɑːri/
nabā,/ˈnɑbɑː/
igāniz,/ˈiɡɑːniz/
ī’ti,/ˈiːˀti/
kēratiji,/ˈkeːrɑtiji/
lōdaǭ’rõn,/ˈloːdɑˌɒːˀrən/
kilgstõ,/ˈkilɡstə/
kõ’urõ,/ˈkɯˀurə/
lāiska,/ˈlɑːiskɑ/
umblõ,/ˈumblə/
kūkēra,/ˈkuːˌkeːrɑ/
palkõ,/ˈpɑlkə/
pagānõz,/ˈpɑɡɑːnəz/
uskõ,/ˈuskə/
brūokst,/ˈbruːokst/
kouți,/ˈkouci/
lǟlamõz,/ˈlæːlɑməz/
va’ilõ,/ˈvɑˀilə/
vȭrõzjemā,/ˈvɯːrəzˌjemɑː/
ī’dõkskimdõz,/ˈiːˀdəksˌkimdəz/
kūž,/ˈkuːʒ/
jumāl,/ˈjumɑːl/
ne’i,/ˈneˀi/
kū,/ˈkuː/
nõtkõ,/ˈnɯtkə/
täpīņtõ,/ˈtæpiːɲtə/
sovā,/ˈsovɑː/
rīvõ,/ˈriːvə/
tie’g,/ˈtieˀɡ/
klūk,/ˈkluːk/
valktõ,/ˈvɑlktə/
rattõd,/ˈrɑtːəd/
rõkāndõ,/ˈrɯkɑːndə/
kunāgõst,/ˈkunɑːɡəst/
nȭŗka,/ˈnɯːrʲkɑ/
ki’bḑi,/ˈkiˀbɟi/
urīkšõ,/ˈuriːkʃə/
ja’g,/ˈjɑˀɡ/
vǭja,/ˈvɒːjɑ/
līvõz,/ˈliːvəz/
särg,/ˈsærɡ/
kīņḑõljālga,/ˈkiːɲɟəlˌjɑːlɡɑ/
sa’d,/ˈsɑˀd/
ouŗõ,/ˈourʲə/
pitkā,/ˈpitkɑː/
seļļi,/ˈseʎːi/
taim,/ˈtɑim/
vīps,/ˈviːps/
palā,/ˈpɑlɑː/
spūok,/ˈspuːok/
laskõ,/ˈlɑskə/
tarā,/ˈtɑrɑː/
siļgõ,/ˈsiʎɡə/
kittõ,/ˈkitːə/
appõnsēmḑa,/ˈɑpːənˌseːmɟɑ/
pǟvalūojimi,/ˈpæːvɑˌluːojimi/
langõ,/ˈlɑnɡə/
ūomõg,/ˈuːoməɡ/
spāņmǭ,/ˈspɑːɲˌmɒː/
lu’gsõnā,/ˈluˀɡˌsɯnɑː/
vȯigõ,/ˈvɤiɡə/
arū,/ˈɑruː/
jǭra,/ˈjɒːrɑ/
paḑā,/ˈpɑɟɑː/
perīmīez,/ˈperiːˌmiːez/
kīeldõ,/ˈkiːeldə/
irmõz,/ˈirməz/
nūoŗim,/ˈnuːorʲim/
kīndaz,/ˈkiːndɑz/
kuo’ig,/ˈkuoˀiɡ/
kemmõ,/ˈkemːə/
sīgõz,/ˈsiːɡəz/
tulūks,/ˈtuluːks/
kibār,/ˈkibɑːr/
pǭrkimdõ,/ˈpɒːrˌkimdə/
kem,/ˈkem/
pierā,/ˈpierɑː/
sǭrmǭ,/ˈsɒːrˌmɒː/
kakšsadā,/ˈkɑkʃˌsɑdɑː/
kīerlõ,/ˈkiːerlə/
vȯņ,/ˈvɤɲ/
või,/ˈvɯi/
aššõ,/ˈɑʃːə/
ōda,/ˈoːdɑ/
muini,/ˈmuini/
pīņõ,/ˈpiːɲə/
vȱrna,/ˈvɤːrnɑ/
kiļ,/ˈkiʎ/
taļšpivād,/ˈtɑʎʃˌpivɑːd/
ǭ’dõrz,/ˈɒːˀdərz/
pițki,/ˈpicki/
krǭipa,/ˈkrɒːipɑ/
mu’idlõ,/ˈmuˀidlə/
piški,/ˈpiʃki/
pietk,/ˈpietk/
ruzū,/ˈruzuː/
krī’evmǭ,/ˈkriːˀevˌmɒː/
viļt,/ˈviʎt/
vaps,/ˈvɑps/
kurli,/ˈkurli/
sǭpkõz,/ˈsɒːpkəz/
va’gtõ,/ˈvɑˀɡtə/
maits,/ˈmɑits/
mustānum,/ˈmustɑːˌnum/
märgõ,/ˈmærɡə/
võidõ,/ˈvɯidə/
atrāitanai,/ˈɑtrɑːitɑˌnɑi/
brissõl,/ˈbrisːəl/
umbõ,/ˈumbə/
izānd,/ˈizɑːnd/
eļļõ,/ˈeʎːə/
ūolõ,/ˈuːolə/
pūnga,/ˈpuːnɡɑ/
i’mmõ,/ˈiˀmːə/
vī’mõ,/ˈviːˀmə/
pārdaz,/ˈpɑːrdɑz/
sī’ḑš,/ˈsiːˀɟʃ/
prepozītsijõ,/ˈprepoziːtsijə/
rumēnij,/ˈrumeːnij/
lieppõ,/ˈliepːə/
mǭ’,/ˈmɒːˀ/
tilp,/ˈtilp/
ǭŗa,/ˈɒːrʲɑ/
azūmsõnā,/ˈɑzuːmˌsɯnɑː/
īlma,/ˈiːlmɑ/
tappõ,/ˈtɑpːə/
muzīk,/ˈmuziːk/
līgõ,/ˈliːɡə/
lūk,/ˈluːk/
rikkõ,/ˈrikːə/
sūrli,/ˈsuːrli/
õigi,/ˈɯiɡi/
akkiji,/ˈɑkːiji/
vindõ,/ˈvində/
pagalam,/pɑˈɡɑlɑm/
sȭira,/ˈsɯːirɑ/
jemāsõzār,/ˈjemɑːˌsɯzɑːr/
täutõ,/ˈtæutə/
paikõ,/ˈpɑikə/
jeime’r,/ˈjeiˌmeˀr/
nǟlga,/ˈnæːlɡɑ/
mǭl,/ˈmɒːl/
sõ’ggõl,/ˈsɯˀɡːəl/
pǭŗ,/ˈpɒːrʲ/
rikūz,/ˈrikuːz/
jūlij,/ˈjuːlij/
tästā,/ˈtæstɑː/
lajā,/ˈlɑjɑː/
rīndõks,/ˈriːndəks/
prīestõr,/ˈpriːestər/
tī’emizsõnā,/ˈtiːˀemizˌsɯnɑː/
poukõ,/ˈpoukə/
īeltõ,/ˈiːeltə/
labā,/ˈlɑbɑː/
kouv,/ˈkouv/
läul,/ˈlæul/
oppõr,/ˈopːər/
kārda,/ˈkɑːrdɑ/
paldīņ,/ˈpɑldiːɲ/
zīḑõz,/ˈziːɟəz/
kațļā,/ˈkɑcʎɑː/
past,/ˈpɑst/
äl,/ˈæl/
bukštīerõ,/ˈbukʃtiːerə/
sidāmli,/ˈsidɑːmli/
pǭ’gõz,/ˈpɒːˀɡəz/
ka’jtõ,/ˈkɑˀjtə/
lougõ,/ˈlouɡə/
pūi,/ˈpuːi/
torī,/ˈtoriː/
vīmba,/ˈviːmbɑ/
uim,/ˈuim/
kurg,/ˈkurɡ/
nuššõ,/ˈnuʃːə/
tagān,/ˈtɑɡɑːn/
opātiji,/ˈopɑːtiji/
va’it,/ˈvɑˀit/
drukkõ,/ˈdrukːə/
a’bli,/ˈɑˀbli/
appõnrok,/ˈɑpːənˌrok/
pī’lgõz,/ˈpiːˀlɡəz/
je’dsõ,/ˈjeˀdsə/
nõ’ggõl,/ˈnɯˀɡːəl/
amāt,/ˈɑmɑːt/
raiskõ,/ˈrɑiskə/
vidumǭ,/ˈviduˌmɒː/
karū,/ˈkɑruː/
nūoŗ,/ˈnuːorʲ/
kil,/ˈkil/
lougli,/ˈlouɡli/
nīsk,/ˈniːsk/
pēļ,/ˈpeːʎ/
zilb,/ˈzilb/
mūndakõrd,/ˈmuːndɑˌkɯrd/
ī’dõkssadāz,/ˈiːˀdəksˌsɑdɑːz/
ä’b-,/ˈæˀbˌ-/
ti’gmõd,/ˈtiˀɡməd/
kuondõ,/ˈkuondə/
ūrma,/ˈuːrmɑ/
minā,/ˈminɑː/
piezā,/ˈpiezɑː/
jǭḑ,/ˈjɒːɟ/
kimmõz,/ˈkimːəz/
tint,/ˈtint/
stuņḑ,/ˈstuɲɟ/
u’nnõ,/ˈuˀnːə/
tuo’ž,/ˈtuoˀʒ/
parāz,/ˈpɑrɑːz/
azūmnikā,/ˈɑzuːmˌnikɑː/
kǭ’dtuoistõnz,/ˈkɒːˀdˌtuoistənz/
virgtõ,/ˈvirɡtə/
sitā,/ˈsitɑː/
pu’rmõz,/ˈpuˀrməz/
va’dmõl,/ˈvɑˀdməl/
bīețõz,/ˈbiːecəz/
analōg,/ˈɑnɑloːɡ/
peijõd,/ˈpeijəd/
tūoiznapǟva,/ˈtuːoiznɑˌpæːvɑ/
kougõn,/ˈkouɡən/
vīla,/ˈviːlɑ/
ǭbõ,/ˈɒːbə/
istōrij,/ˈistoːrij/
kui,/ˈkui/
informātsij,/ˈinformɑːtsij/
kõuvõ,/ˈkɯuvə/
vīrba,/ˈviːrbɑ/
ī’diņțõ,/ˈiːˀdiɲcə/
julgi,/ˈjulɡi/
jeng,/ˈjenɡ/
jadā,/ˈjɑdɑː/
eitõ,/ˈeitə/
tīkõ,/ˈtiːkə/
kuolmkimdõ,/ˈkuolmˌkimdə/
smagā,/ˈsmɑɡɑː/
sūoļ,/ˈsuːoʎ/
pǭļaz,/ˈpɒːʎɑz/
vä’ggi,/ˈvæˀɡːi/
seissadāz,/ˈseisˌsɑdɑːz/
artõ,/ˈɑrtə/
jegāikš,/ˈjeɡɑːˌikʃ/
mitskimdõ,/ˈmitsˌkimdə/
pū’oj,/ˈpuːˀoj/
sǟdõ,/ˈsæːdə/
lī’edna’ggõrz,/ˈliːˀedˌnɑˀɡːərz/
pīerõ,/ˈpiːerə/
vȱntsa,/ˈvɤːntsɑ/
paŗī,/ˈpɑrʲiː/
vīdõ,/ˈviːdə/
lū’ž,/ˈluːˀʒ/
outõ,/ˈoutə/
moldov,/ˈmoldov/
kõ’zzi,/ˈkɯˀzːi/
pū’dõz,/ˈpuːˀdəz/
paistõ,/ˈpɑistə/
pit,/ˈpit/
vǟ’rõd,/ˈvæːˀrəd/
kõlā,/ˈkɯlɑː/
optõbrǭntõz,/ˈoptəbˌrɒːntəz/
koks,/ˈkoks/
tapārtõ,/ˈtɑpɑːrtə/
ǭrali,/ˈɒːrɑli/
pierāst,/ˈpierɑːst/
kä’l,/ˈkæˀl/
kīndõrbū,/ˈkiːndərˌbuː/
tõitõks,/ˈtɯitəks/
kiņņõ,/ˈkiɲːə/
ratsõl,/ˈrɑtsəl/
land,/ˈlɑnd/
pūrdaz,/ˈpuːrdɑz/
mǭdõ,/ˈmɒːdə/
nūoŗpǭr,/ˈnuːorʲˌpɒːr/
tūodõ,/ˈtuːodə/
jougūzõ,/ˈjouˌɡuːzə/
ladā,/ˈlɑdɑː/
epțõ,/ˈepcə/
kärmi,/ˈkærmi/
i’g,/ˈiˀɡ/
na’ggõr,/ˈnɑˀɡːər/
äbī,/ˈæbiː/
īra,/ˈiːrɑ/
rȭmli,/ˈrɯːmli/
lejāvõtāmõd,/ˈlejɑːˌvɯtɑːməd/
märts,/ˈmærts/
ārmaz,/ˈɑːrmɑz/
pȭ’kt,/ˈpɯːˀkt/
va’nnõ,/ˈvɑˀnːə/
piļļi,/ˈpiʎːi/
nummõrz,/ˈnumːərz/
vabām,/ˈvɑbɑːm/
eirōp,/ˈeiroːp/
ka’ņki,/ˈkɑˀɲki/
sāina,/ˈsɑːinɑ/
tu’ļ,/ˈtuˀʎ/
tǟ’dõks,/ˈtæːˀdəks/
kīebi,/ˈkiːebi/
rištīng,/ˈriʃtiːnɡ/
sēr,/ˈseːr/
lețmǭ,/ˈlecˌmɒː/
kȭrda,/ˈkɯːrdɑ/
vǭ’dõr,/ˈvɒːˀdər/
pu’rrõ,/ˈpuˀrːə/
rīgõ,/ˈriːɡə/
tabār,/ˈtɑbɑːr/
rištjemā,/ˈriʃtˌjemɑː/
kuolmõndpǟva,/ˈkuolməndˌpæːvɑ/
damā,/ˈdɑmɑː/
sa’bbõr,/ˈsɑˀbːər/
razā,/ˈrɑzɑː/
suoļg,/ˈsuoʎɡ/
smēḑ,/ˈsmeːɟ/
äm,/ˈæm/
me’rdõ,/ˈmeˀrdə/
tõuk,/ˈtɯuk/
kultūr,/ˈkultuːr/
kīndõks,/ˈkiːndəks/
vizākuodā,/ˈvizɑːˌkuodɑː/
li’d,/ˈliˀd/
kiršõmǭŗa,/ˈkirʃəˌmɒːrʲɑ/
daņtš,/ˈdɑɲt͡ʃ/
vadā,/ˈvɑdɑː/
kūoŗ,/ˈkuːorʲ/
lu’gdõbrǭntõz,/ˈluˀɡdəbˌrɒːntəz/
kǭ’ļõ,/ˈkɒːˀʎə/
lä’b,/ˈlæˀb/
jū’odiji,/ˈjuːˀodiji/
lȭinag,/ˈlɯːinɑɡ/
vǭļikšiji,/ˈvɒːʎikʃiji/
joudõ,/ˈjoudə/
tūoitõg,/ˈtuːoitəɡ/
škērõd,/ˈʃkeːrəd/
pǟldõ,/ˈpæːldə/
mustā,/ˈmustɑː/
võțīm,/ˈvɯciːm/
kierdõ,/ˈkierdə/
ruoikõ,/ˈruoikə/
ta’ggi,/ˈtɑˀɡːi/
kä’dlabā,/ˈkæˀdˌlɑbɑː/
tulk,/ˈtulk/
ämār,/ˈæmɑːr/
i’ļ,/ˈiˀʎ/
rištõ,/ˈriʃtə/
vajāg,/ˈvɑjɑːɡ/
bikšõd,/ˈbikʃəd/
sūkõl,/ˈsuːkəl/
mǭŗa,/ˈmɒːrʲɑ/
rōza,/ˈroːzɑ/
vāņka,/ˈvɑːɲkɑ/
kūžkimdõ,/ˈkuːʒˌkimdə/
sīkrõg,/ˈsiːkrəɡ/
obāļi,/ˈobɑːʎi/
tšoļk,/ˈt͡ʃoʎk/
vannõ,/ˈvɑnːə/
kǭ’dõksmõz,/ˈkɒːˀdəksməz/
va’nbõ,/ˈvɑˀnbə/
ažā,/ˈɑʒɑː/
õ’ldzõ,/ˈɯˀldzə/
murīkšõ,/ˈmuriːkʃə/
lȭinagstāiga,/ˈlɯːinɑɡstˌɑːiɡɑ/
eļm,/ˈeʎm/
nä,/ˈnæ/
teļļõ,/ˈteʎːə/
lǭ’tšõz,/ˈlɒːˀt͡ʃəz/
sūolõ,/ˈsuːolə/
vä’g,/ˈvæˀɡ/
ūška,/ˈuːʃkɑ/
põ’ddõrz,/ˈpɯˀdːərz/
kuigid,/ˈkuiɡid/
ūoņdžõl,/ˈuːoɲdʒəl/
āmbaz,/ˈɑːmbɑz/
kattõ,/ˈkɑtːə/
ukkõ,/ˈukːə/
kū’oḑi,/ˈkuːˀoɟi/
kītõks,/ˈkiːtəks/
jūotõ,/ˈjuːotə/
kȭidaz,/ˈkɯːidɑz/
alāstõ,/ˈɑlɑːstə/
mǭkierā,/ˈmɒːˌkierɑː/
rū’tš,/ˈruːˀt͡ʃ/
eļ,/ˈeʎ/
ī’dõkstuoistõnz,/ˈiːˀdəksˌtuoistənz/
sadā,/ˈsɑdɑː/
ovāt,/ˈovɑːt/
gipk,/ˈɡipk/
pū’tiļ,/ˈpuːˀtiʎ/
va’imi,/ˈvɑˀimi/
puțkõz,/ˈpuckəz/
pǟvaīe,/ˈpæːvɑˌiːe/
pīla,/ˈpiːlɑ/
jū’odõ,/ˈjuːˀodə/
kengõ,/ˈkenɡə/
kuosk,/ˈkuosk/
plagā,/ˈplɑɡɑː/
jelānikā,/ˈjelɑːˌnikɑː/
fakt,/ˈfɑkt/
sõ’gļõ,/ˈsɯˀɡʎə/
konferents,/ˈkonferents/
āita,/ˈɑːitɑ/
alumīnij,/ˈɑlumiːnij/
tēj,/ˈteːj/
tǭ’dõ,/ˈtɒːˀdə/
ȭn,/ˈɯːn/
ēriņ,/ˈeːriɲ/
ja’ggõ,/ˈjɑˀɡːə/
ta’l,/ˈtɑˀl/
kūortiļ,/ˈkuːortiʎ/
ä’bvȯndzi,/ˈæˀbˌvɤndzi/
vȯŗž,/ˈvɤrʲʒ/
u’ņ,/ˈuˀɲ/
kuņšt,/ˈkuɲʃt/
skrõuv,/ˈskrɯuv/
kukkõ,/ˈkukːə/
jūŗ,/ˈjuːrʲ/
loulõ,/ˈloulə/
pīrag,/ˈpiːrɑɡ/
vȭrõz,/ˈvɯːrəz/
vīnõmǭŗa,/ˈviːnəˌmɒːrʲɑ/
a’rrõ,/ˈɑrːə/
tabātõ,/ˈtɑbɑːtə/
sõ’vlõ,/ˈsɯˀvlə/
rēkõ,/ˈreːkə/
dālba,/ˈdɑːlbɑ/
vändõ,/ˈvændə/
pȯiški,/ˈpɤiʃki/
ungārmǭ,/ˈunɡɑːrˌmɒː/
õvātõ,/ˈɯvɑːtə/
kuolm,/ˈkuolm/
si’ļ,/ˈsiˀʎ/
kūja,/ˈkuːjɑ/
tukāmǭ,/ˈtukɑːˌmɒː/
novembõr,/ˈnovembər/
tarīļ,/ˈtɑriːʎ/
datōr,/ˈdɑtoːr/
tinā,/ˈtinɑː/
lūoltõ,/ˈluːoltə/
kino,/ˈkino/
atrāita,/ˈɑtrɑːitɑ/
āigakēra,/ˈɑːiɡɑˌkeːrɑ/
vȯzā,/ˈvɤzɑː/
evangēlium,/ˈevɑnɡeːlium/
setkimdõ,/ˈsetˌkimdə/
pivākuodā,/ˈpivɑːˌkuodɑː/
ma’gḑi,/ˈmɑˀɡɟi/
äkīst,/ˈækiːst/
lūodõ,/ˈluːodə/
ko’gtõ,/ˈkoˀɡtə/
ouk,/ˈouk/
amātnikā,/ˈɑmɑːtˌnikɑː/
mä’ggõrz,/ˈmæˀɡːərz/
problēm,/ˈprobleːm/
tī’kõ,/ˈtiːˀkə/
kuolmi,/ˈkuolmi/
vǭ’,/ˈvɒːˀ/
lītiņtõ,/ˈliːtiɲtə/
kuņtš,/ˈkuɲt͡ʃ/
tī’edõz,/ˈtiːˀedəz/
februār,/ˈfebruɑːr/
norvēgmǭ,/ˈnorveːɡˌmɒː/
seistuoistõn,/ˈseisˌtuoistən/
pūvīļa,/ˈpuːˌviːʎɑ/
kūolõm,/ˈkuːoləm/
paņ,/ˈpɑɲ/
parāntõ,/ˈpɑrɑːntə/
vaŗž,/ˈvɑrʲʒ/
kūorald,/ˈkuːorɑld/
siskõ,/ˈsiskə/
i’gmõd,/ˈiˀɡməd/
bīlda,/ˈbiːldɑ/
sa’lli,/ˈsɑˀlːi/
seiskimdõ,/ˈseisˌkimdə/
plǭț,/ˈplɒːc/
villõ,/ˈvilːə/
reņ,/ˈreɲ/
kaļ,/ˈkɑʎ/
island,/ˈislɑnd/
umārz,/ˈumɑːrz/
mõtkõz,/ˈmɯtkəz/
seismõztuoistõnz,/ˈseisməzˌtuoistənz/
kummit,/ˈkumːit/
kǭraz,/ˈkɒːrɑz/
glä’bbõ,/ˈɡlæˀbːə/
jegā,/ˈjeɡɑː/
ī’edõ,/ˈiːˀedə/
rabā,/ˈrɑbɑː/
tū’gõpǟva,/ˈtuːˀɡəˌpæːvɑ/
pǟlõ,/ˈpæːlə/
buzārtõ,/ˈbuzɑːrtə/
giltõ,/ˈɡiltə/
ku’bs,/ˈkuˀbs/
pa’ggõl,/ˈpɑˀɡːəl/
arāgõz,/ˈɑrɑːɡəz/
tilkõ,/ˈtilkə/
killõ,/ˈkilːə/
astõ,/ˈɑstə/
dattõd,/ˈdɑtːəd/
rǭntõz,/ˈrɒːntəz/
kamār,/ˈkɑmɑːr/
jaļkš,/ˈjɑʎkʃ/
ve’ržõ,/ˈveˀrʒə/
kȭļim,/ˈkɯːʎim/
jurg,/ˈjurɡ/
kēņig,/ˈkeːɲiɡ/
mǭļțõ,/ˈmɒːʎcə/
āinagi,/ˈɑːinɑɡi/
pīedrõb,/ˈpiːedrəb/
aigi,/ˈɑiɡi/
vaļmõz,/ˈvɑʎməz/
kūolta,/ˈkuːoltɑ/
aļ,/ˈɑʎ/
kik,/ˈkik/
kikīm,/ˈkikiːm/
ȭ’dõn,/ˈɯːˀdən/
ku,/ˈku/
vidūmǭ,/ˈviduːˌmɒː/
kurāmǭ,/ˈkurɑːˌmɒː/
jū’rõ,/ˈjuːˀrə/
ve’žgõr,/ˈveˀʒɡər/
mīdõ,/ˈmiːdə/
krī’evõmǭ,/ˈkriːˀevəˌmɒː/
virgõ,/ˈvirɡə/
kiļg,/ˈkiʎɡ/
pȯ’j,/ˈpɤˀj/
vālda me’r,/ˈvɑːldɑˌmeˀr/
lēbavīļa,/ˈleːbɑˌviːʎɑ/
kēv,/ˈkeːv/
pappõl,/ˈpɑpːəl/
kǭv,/ˈkɒːv/
vīžsadā,/ˈviːʒˌsɑdɑː/
sīemgõz,/ˈsiːemɡəz/
irdi,/ˈirdi/
nustõ,/ˈnustə/
repțõ,/ˈrepcə/
vi’jjõ,/ˈviˀjːə/
a’ilõ,/ˈɑˀilə/
kīndõr,/ˈkiːndər/
tazāntõ,/ˈtɑzɑːntə/
kangtõ,/ˈkɑnɡtə/
lūod,/ˈluːod/
jutlõ,/ˈjutlə/
ikš,/ˈikʃ/
palāndõks,/ˈpɑlɑːndəks/
mõtūks,/ˈmɯtuːks/
kaffekuodā,/ˈkɑfːeˌkuodɑː/
pitrõg,/ˈpitrəɡ/
kupšā,/ˈkupʃɑː/
ū’kšõ,/ˈuːˀkʃə/
bleifēdõr,/ˈbleifeːdər/
va’llõ,/ˈvɑˀlːə/
izraēl,/ˈizrɑ.eːl/
īlgaz,/ˈiːlɡɑz/
tēriņtš,/ˈteːriɲt͡ʃ/
rǭ’,/ˈrɒːˀ/
vändi,/ˈvændi/
kaimkuodā,/ˈkɑimˌkuodɑː/
ilp,/ˈilp/
lešk,/ˈleʃk/
kuorbõ,/ˈkuorbə/
kiksēņ,/ˈkikˌseːɲ/
kie’v,/ˈkieˀv/
ä’bjõvā,/ˈæˀbˌjɯvɑː/
kīlmakū,/ˈkiːlmɑˌkuː/
vi’r,/ˈviˀr/
rejā,/ˈrejɑː/
kierdi,/ˈkierdi/
izāsõzār,/ˈizɑːˌsɯzɑːr/
loul,/ˈloul/
rīț,/ˈriːc/
derk,/ˈderk/
lieudõ,/ˈlieudə/
bumbīer,/ˈbumbiːer/
sǭmaltõ,/ˈsɒːmɑltə/
keijõ,/ˈkeijə/
va’nliki,/ˈvɑˀnliki/
tarmõ,/ˈtɑrmə/
tu’lbi,/ˈtuˀlbi/
pietūks,/ˈpietuːks/
aŗšt,/ˈɑrʲʃt/
nīnõ,/ˈniːnə/
u’mmi,/ˈuˀmːi/
vanātǭți,/ˈvɑnɑːˌtɒːci/
kīedõ,/ˈkiːedə/
võ’l,/ˈvɯˀl/
kengšepā,/ˈkenɡˌʃepɑː/
kok,/ˈkok/
rūoiska,/ˈruːoiskɑ/
ro’ugõz,/ˈroˀuɡəz/
pȯigõ,/ˈpɤiɡə/
kǭ’dõks,/ˈkɒːˀdəks/
lǟlam,/ˈlæːlɑm/
sīlda,/ˈsiːldɑ/
u’ņņi,/ˈuˀɲːi/
i’mlõ,/ˈiˀmlə/
laid,/ˈlɑid/
ikši’ggiņ,/ˈikʃˌiˀɡːiɲ/
algõd,/ˈɑlɡəd/
vizās,/ˈvizɑːs/
nǟ’dõ,/ˈnæːˀdə/
dēļ,/ˈdeːʎ/
lonkõ,/ˈlonkə/
vīļakū,/ˈviːʎɑˌkuː/
kītõbsõnā,/ˈkiːtəbˌsɯnɑː/
partitīv,/ˈpɑrtitiːv/
ku’b,/ˈkuˀb/
touzõ,/ˈtouzə/
reiz,/ˈreiz/
ykš,/ykʃ/
immõrtõ,/ˈimːərtə/
kuțā,/ˈkucɑː/
kurā,/ˈkurɑː/
nēļakimdõ,/ˈneːʎɑˌkimdə/
kīela,/ˈkiːelɑ/
ažāsõnā,/ˈɑʒɑːˌsɯnɑː/
lapsvȱidaji,/ˈlɑpsˌvɤːidɑji/
sǭtõ,/ˈsɒːtə/
va’ild,/ˈvɑˀild/
õigiz,/ˈɯiɡiz/
vanāǟma,/ˈvɑnɑːˌæːmɑ/
ȭgõ,/ˈɯːɡə/
vīžtuoistõn,/ˈviːʒˌtuoistən/
vi’l,/ˈviˀl/
kuo’ndõ,/ˈkuoˀndə/
nǭ’võ,/ˈnɒːˀvə/
to’vvõ,/ˈtoˀvːə/
kovāl,/ˈkovɑːl/
kōsta,/ˈkoːstɑ/
sǭņõ,/ˈsɒːɲə/
nǭ’gõ,/ˈnɒːˀɡə/
pa’j,/ˈpɑˀj/
ilā,/ˈilɑː/
vīțõ,/ˈviːcə/
puŗŗõkuo’ig,/ˈpurʲːəˌkuoˀiɡ/
u’mmistõ,/ˈuˀmːistə/
rūoŗ,/ˈruːorʲ/
leišõmǭ,/ˈleiʃəˌmɒː/
serk,/ˈserk/
sidāmõl,/ˈsidɑːməl/
ka’z,/ˈkɑˀz/
mūliņ,/ˈmuːliɲ/
kǭmal,/ˈkɒːmɑl/
ūdstõ,/ˈuːdstə/
virpõļ,/ˈvirpəʎ/
ǟrga,/ˈæːrɡɑ/
idāntõ,/ˈidɑːntə/
mu’ŗŗõ,/ˈmuˀrʲːə/
pǟ,/ˈpæː/
jaktõ,/ˈjɑktə/
vȯ’l,/ˈvɤˀl/
ildīņ,/ˈildiːɲ/
ra’j,/ˈrɑˀj/
lū,/ˈluː/
teib,/ˈteib/
mǟ’dlõ,/ˈmæːˀdlə/
mīedõ,/ˈmiːedə/
lä’bǭ’rõn,/ˈlæˀbˌɒːˀrən/
kāndatõ,/ˈkɑːndɑtə/
mūpõ,/ˈmuːpə/
kie’ddõr,/ˈkieˀdːər/
vȯidõ,/ˈvɤidə/
imū,/ˈimuː/
toļ,/ˈtoʎ/
nämād,/ˈnæmɑːd/
tū’oigõz,/ˈtuːˀoiɡəz/
mǟtõr,/ˈmæːtər/
sǟrna,/ˈsæːrnɑ/
täs,/ˈtæs/
la’ggõd,/ˈlɑˀɡːəd/
nūoŗmīez,/ˈnuːorʲˌmiːez/
tieudmīez,/ˈtieudˌmiːez/
nūoŗpǭŗ,/ˈnuːorʲˌpɒːrʲ/
kuordi,/ˈkuordi/
irē,/ˈireː/
kabāt,/ˈkɑbɑːt/
pē’gõz,/ˈpeːˀɡəz/
pī’lgõmǭŗa,/ˈpiːˀlɡəˌmɒːrʲɑ/
vaški,/ˈvɑʃki/
veis,/ˈveis/
va’jjõ,/ˈvɑˀjːə/
lī’ebi,/ˈliːˀebi/
kēra,/ˈkeːrɑ/
gidīkšõ,/ˈɡidiːkʃə/
nūoŗimi,/ˈnuːorʲimi/
ka’žži,/ˈkɑˀʒːi/
jeksõ,/ˈjeksə/
sīend,/ˈsiːend/
sūoli,/ˈsuːoli/
seissadā,/ˈseisˌsɑdɑː/
mõtlõ,/ˈmɯtlə/
pivāpǟva,/ˈpivɑːˌpæːvɑ/
kramā,/ˈkrɑmɑː/
närv,/ˈnærv/
ī’žki’lliji,/ˈiːˀʒˌkiˀlːiji/
sogā,/ˈsoɡɑː/
lāmbaz,/ˈlɑːmbɑz/
lūom,/ˈluːom/
va’g,/ˈvɑˀɡ/
purāz,/ˈpurɑːz/
rištli,/ˈriʃtli/
nä’gțõ,/ˈnæˀɡcə/
la’gdõ,/ˈlɑˀɡdə/
rēnaz,/ˈreːnɑz/
kīļ,/ˈkiːʎ/
nõtkāz,/ˈnɯtkɑːz/
nõtk,/ˈnɯtk/
kõrd,/ˈkɯrd/
mǟrga,/ˈmæːrɡɑ/
aŗštõ,/ˈɑrʲʃtə/
rūost,/ˈruːost/
sīemnāiga,/ˈsiːemnˌɑːiɡɑ/
zirmi,/ˈzirmi/
sēji,/ˈseːji/
mǭ’zõ,/ˈmɒːˀzə/
rip,/ˈrip/
lastā,/ˈlɑstɑː/
kontsert,/ˈkontsert/
irmtõ,/ˈirmtə/
dūrbal,/ˈduːrbɑl/
pūoļmǭ,/ˈpuːoʎˌmɒː/
kīņḑõļkū,/ˈkiːɲɟəʎˌkuː/
kouvõ,/ˈkouvə/
su’dmaļ,/ˈsuˀdmɑʎ/
vȯikõ,/ˈvɤikə/
vast,/ˈvɑst/
bu’ŗŗõ,/ˈbuˀrʲːə/
vä’ztõ,/ˈvæˀztə/
plīț,/ˈpliːc/
tas,/ˈtɑs/
pa’g,/ˈpɑˀɡ/
īņõkst,/ˈiːɲəkst/
tõitõ,/ˈtɯitə/
vīžkimdõ,/ˈviːʒˌkimdə/
tubāpēļi,/ˈtubɑːˌpeːʎi/
ne’ije’n,/ˈneˀiˌjeˀn/
tõ’v,/ˈtɯˀv/
īedõ,/ˈiːedə/
tõvā,/ˈtɯvɑː/
ȭrikšõ,/ˈɯːrikʃə/
karīņțõ,/ˈkɑriːɲcə/
pūškõ,/ˈpuːʃkə/
a’ltõ,/ˈɑˀltə/
sä’v,/ˈsæˀv/
vi’ggõl,/ˈviˀɡːəl/
ra’bbõ,/ˈrɑˀbːə/
jūdõmǭ,/ˈjuːdəˌmɒː/
kūdkimdõz,/ˈkuːdˌkimdəz/
tīetõ,/ˈtiːetə/
kalā,/ˈkɑlɑː/
pațīkmǭ,/ˈpɑciːkˌmɒː/
tuoistõnz,/ˈtuoistənz/
linā,/ˈlinɑː/
a’zmõl,/ˈɑˀzməl/
päkā,/ˈpækɑː/
borātõ,/ˈborɑːtə/
lipīņtõ,/ˈlipiːɲtə/
mõgā,/ˈmɯɡɑː/
vilkõ,/ˈvilkə/
mudā,/ˈmudɑː/
kāngaz,/ˈkɑːnɡɑz/
kūžsadā,/ˈkuːʒˌsɑdɑː/
rīnda,/ˈriːndɑ/
sižāli,/ˈsiʒɑːli/
rie’ggõz,/ˈrieˀɡːəz/
mašīn,/ˈmɑʃiːn/
ēviļ,/ˈeːviʎ/
ve’žži,/ˈveˀʒːi/
kēratõks,/ˈkeːrɑtəks/
ǭ’j,/ˈɒːˀj/
pāika,/ˈpɑːikɑ/
kiršt,/ˈkirʃt/
izāmǭ,/ˈizɑːˌmɒː/
vä’zzõ,/ˈvæˀzːə/
bäs,/ˈbæs/
i’ggi,/ˈiˀɡːi/
kandõ,/ˈkɑndə/
kengmõd,/ˈkenɡməd/
krīzdag,/ˈkriːzdɑɡ/
vie’ddõl,/ˈvieˀdːəl/
kuordõ,/ˈkuordə/
ețkā,/ˈeckɑː/
ve’r,/ˈveˀr/
je’ddõpē’ḑõn,/ˈjeˀdːəˌpeːˀɟən/
tienū,/ˈtienuː/
sõbrā,/ˈsɯbrɑː/
pīenti,/ˈpiːenti/
vērbikšõ,/ˈveːrbikʃə/
jūoimki,/ˈjuːoimki/
restoran,/ˈrestorɑn/
bakbord,/ˈbɑkˌbord/
tuo’dli,/ˈtuoˀdli/
strǭdõ,/ˈstrɒːdə/
sōna,/ˈsoːnɑ/
rǭviņtõ,/ˈrɒːviɲtə/
kēja,/ˈkeːjɑ/
jū’od,/ˈjuːˀod/
arrõ,/ˈɑrːə/
kierā,/ˈkierɑː/
maksõ,/ˈmɑksə/
patšõ,/ˈpɑt͡ʃə/
rǟnka,/ˈræːnkɑ/
sūoņ,/ˈsuːoɲ/
lǭ’gstõ,/ˈlɒːˀɡstə/
a’bbõrz,/ˈɑˀbːərz/
irē jo’ug,/ˈireːˌjoˀuɡ/
bībõl,/ˈbiːbəl/
nūškõ,/ˈnuːʃkə/
ī’dõkssadā,/ˈiːˀdəksˌsɑdɑː/
lūotš,/ˈluːot͡ʃ/
instrumentāl,/ˈinstrumentɑːl/
bǭn,/ˈbɒːn/
vȯtšõ,/ˈvɤt͡ʃə/
vie’r,/ˈvieˀr/
je’ngõz,/ˈjeˀnɡəz/
pīentõ,/ˈpiːentə/
jemākēļ,/ˈjemɑːˌkeːʎ/
datīv,/ˈdɑtiːv/
septembõr,/ˈseptembər/
pi’ddõ,/ˈpiˀdːə/
ä’d,/ˈæˀd/
pi’v,/ˈpiˀv/
ǭļaz,/ˈɒːʎɑz/
ki’r,/ˈkiˀr/
lem,/ˈlem/
parāndõ,/ˈpɑrɑːndə/
kilā,/ˈkilɑː/
vāldiņ,/ˈvɑːldiɲ/
lǭja,/ˈlɒːjɑ/
lõ’vvõ,/ˈlɯˀvːə/
nēḑi,/ˈneːɟi/
jõvā,/ˈjɯvɑː/
vȯ’lmsõnā,/ˈvɤˀlmˌsɯnɑː/
sūŗit,/ˈsuːrʲit/
pǟvasidām,/ˈpæːvɑˌsidɑːm/
lapsttarā,/ˈlɑpstˌtɑrɑː/
nūzõ,/ˈnuːzə/
ēbrikš,/ˈeːbrikʃ/
kakštuoistõn,/ˈkɑkʃˌtuoistən/
bre’ḑḑõ,/ˈbreˀɟːə/
kindõ,/ˈkində/
ovār,/ˈovɑːr/
i’llõ,/ˈiˀlːə/
immõr,/ˈimːər/
āļdža,/ˈɑːʎdʒɑ/
repšõz,/ˈrepʃəz/
vijā,/ˈvijɑː/
pa,/ˈpɑ/
birkov,/ˈbirkov/
mȯistli,/ˈmɤistli/
kū’zõ,/ˈkuːˀzə/
ändi,/ˈændi/
e’žmi,/ˈeˀʒmi/
mie’rmīez,/ˈmieˀrˌmiːez/
kalāmīez,/ˈkɑlɑːˌmiːez/
āndõks,/ˈɑːndəks/
īrgandõks,/ˈiːrɡɑndəks/
ta,/ˈtɑ/
pizār,/ˈpizɑːr/
rebā,/ˈrebɑː/
mä’g,/ˈmæˀɡ/
ke’ržõ,/ˈkeˀrʒə/
vǭ’jli,/ˈvɒːˀjli/
mõtsāsigā,/ˈmɯtsɑːˌsiɡɑː/
duņtš,/ˈduɲt͡ʃ/
suoŗm,/ˈsuorʲm/
silāstõ,/ˈsilɑːstə/
portugal,/ˈportuɡɑl/
tȭratõ,/ˈtɯːrɑtə/
rī’mõz,/ˈriːˀməz/
kēravīț,/ˈkeːrɑˌviːc/
su’gli,/ˈsuˀɡli/
ārmaztõ,/ˈɑːrmɑztə/
āigal,/ˈɑːiɡɑl/
käbā,/ˈkæbɑː/
februar,/ˈfebruɑr/
tūorõz,/ˈtuːorəz/
rǭžki,/ˈrɒːʒki/
alfabēt,/ˈɑlfɑbeːt/
kimdõ,/ˈkimdə/
īlbõks,/ˈiːlbəks/
ku’bbõ,/ˈkuˀbːə/
jõvām,/ˈjɯvɑːm/
kīv,/ˈkiːv/
paļštõ,/ˈpɑʎʃtə/
mīeldõ,/ˈmiːeldə/
käsk,/ˈkæsk/
rūoj,/ˈruːoj/
nēļatuoistõn,/ˈneːʎɑˌtuoistən/
kīš,/ˈkiːʃ/
pandõks,/ˈpɑndəks/
ul,/ˈul/
trink,/ˈtrink/
mits,/ˈmits/
klēibõ,/ˈkleːibə/
joutõmläpš,/ˈjoutəmˌlæpʃ/
janvār,/ˈjɑnvɑːr/
ȭ’g,/ˈɯːˀɡ/
rikāz,/ˈrikɑːz/
si’zzõl,/ˈsiˀzːəl/
nīelõ,/ˈniːelə/
sēņ,/ˈseːɲ/
ēdrikšõ,/ˈeːdrikʃə/
kūoļma,/ˈkuːoʎmɑ/
jamstõ,/ˈjɑmstə/
sadāz,/ˈsɑdɑːz/
ti’gtõ,/ˈtiˀɡtə/
touvi,/ˈtouvi/
kanā,/ˈkɑnɑː/
ūdõ,/ˈuːdə/
kāndla,/ˈkɑːndlɑ/
lǭņtš,/ˈlɒːɲt͡ʃ/
ro’vzt,/ˈroˀvzt/
veitõmtõ,/ˈveitəmtə/
vagā,/ˈvɑɡɑː/
nujā,/ˈnujɑː/
sē’ršõ,/ˈseːˀrʃə/
lēḑ,/ˈleːɟ/
kǭ’skõ,/ˈkɒːˀskə/
vanā,/ˈvɑnɑː/
kõzātõ,/ˈkɯzɑːtə/
tȭra,/ˈtɯːrɑ/
tokš,/ˈtokʃ/
ȭ’dõgizt,/ˈɯːˀdəɡizt/
vīetšõz,/ˈviːet͡ʃəz/
kirt,/ˈkirt/
ka’ggõrz,/ˈkɑˀɡːərz/
re’ḑḑõl,/ˈreˀɟːəl/
uldõ,/ˈuldə/
jǭsõ,/ˈjɒːsə/
kēk,/ˈkeːk/
būom,/ˈbuːom/
allõ,/ˈɑlːə/
sǟnag,/ˈsæːnɑɡ/
lǭ’nõz,/ˈlɒːˀnəz/
mǭškõz,/ˈmɒːʃkəz/
ru’isk,/ˈruˀisk/
pȯrt,/ˈpɤrt/
mängõ,/ˈmænɡə/
tībõz,/ˈtiːbəz/
kabātš,/ˈkɑbɑːt͡ʃ/
vȯiti,/ˈvɤiti/
oksā,/ˈoksɑː/
laitõ,/ˈlɑitə/
kūoršõn,/ˈkuːorʃən/
sa,/ˈsɑ/
ka’d,/ˈkɑˀd/
brīõz,/ˈbriːɯz/
ja’mdõ,/ˈjɑˀmdə/
nǟlgastõ,/ˈnæːlɡɑstə/
alā,/ˈɑlɑː/
kinō,/ˈkinoː/
kä’dvaŗž,/ˈkæˀdˌvɑrʲʒ/
ro’vkuodā,/ˈroˀvˌkuodɑː/
pānda,/ˈpɑːndɑ/
kāngar,/ˈkɑːnɡɑr/
kǭņim,/ˈkɒːɲim/
kard,/ˈkɑrd/
sõidõ,/ˈsɯidə/
kȭvaz,/ˈkɯːvɑz/
jērnaz,/ˈjeːrnɑz/
mi’griki,/ˈmiˀɡriki/
tulkõ,/ˈtulkə/
kimdõz,/ˈkimdəz/
vientõ,/ˈvientə/
appõn,/ˈɑpːən/
uļļi,/ˈuʎːi/
tuoitõ,/ˈtuoitə/
pū’gõ,/ˈpuːˀɡə/
pi’ddõz,/ˈpiˀdːəz/
mēļ,/ˈmeːʎ/
vā’ški,/ˈvɑːˀʃki/
si’ggõ,/ˈsiˀɡːə/
nīski,/ˈniːski/
lȭiga,/ˈlɯːiɡɑ/
tūoļi,/ˈtuːoʎi/
mõtsākaits,/ˈmɯtsɑːˌkɑits/
tirkmǭ,/ˈtirkˌmɒː/
kaimõ,/ˈkɑimə/
kīraz,/ˈkiːrɑz/
kālma,/ˈkɑːlmɑ/
papīer,/ˈpɑpiːer/
sǟdlõ,/ˈsæːdlə/
takā,/ˈtɑkɑː/
umbliji,/ˈumbliji/
tõ’rmõz,/ˈtɯˀrməz/
mīez,/ˈmiːez/
sīņõ,/ˈsiːɲə/
urgõ,/ˈurɡə/
su’ž,/ˈsuˀʒ/
pi’mdõ,/ˈpiˀmdə/
kāndab,/ˈkɑːndɑb/
pȯimõ,/ˈpɤimə/
louv,/ˈlouv/
saksāmǭ,/ˈsɑksɑːˌmɒː/
vālgamǭ,/ˈvɑːlɡɑˌmɒː/
mȯizõ,/ˈmɤizə/
i’mtõ,/ˈiˀmtə/
kitsāz,/ˈkitsɑːz/
lu’mmi,/ˈluˀmːi/
taplõ,/ˈtɑplə/
plūm,/ˈpluːm/
kukki,/ˈkukːi/
lipšõ,/ˈlipʃə/
e’ḑḑi,/ˈeˀɟːi/
u’ddi,/ˈuˀdːi/
tagāmūpõ,/ˈtɑɡɑːˌmuːpə/
ūž,/ˈuːʒ/
aim,/ˈɑim/
kǭņtš,/ˈkɒːɲt͡ʃ/
põnktõ,/ˈpɯnktə/
mu’rtõ,/ˈmuˀrtə/
ǟrma,/ˈæːrmɑ/
kuoi,/ˈkuoi/
pubā,/ˈpubɑː/
tū’ontõ,/ˈtuːˀontə/
nīerõz,/ˈniːerəz/
kōpmīez,/ˈkoːpˌmiːez/
azūm,/ˈɑzuːm/
so’v,/ˈsoˀv/
ǭ’gi,/ˈɒːˀɡi/
vīnõ,/ˈviːnə/
ē’ḑtõ,/ˈeːˀɟtə/
o’vpū,/ˈoˀvˌpuː/
pārmaz,/ˈpɑːrmɑz/
reizõ,/ˈreizə/
tierāvīļa,/ˈtierɑːˌviːʎɑ/
kiļb,/ˈkiʎb/
sīezõr,/ˈsiːezər/
rišt,/ˈriʃt/
kõvīstõ,/ˈkɯviːstə/
ka’ggõl,/ˈkɑˀɡːəl/
rūt,/ˈruːt/
vatsā,/ˈvɑtsɑː/
rǟstõz,/ˈræːstəz/
u’d,/ˈuˀd/
bet,/ˈbet/
je’ddõ,/ˈjeˀdːə/
rū’nõmǭ,/ˈruːˀnəˌmɒː/
kūmi,/ˈkuːmi/
kuolmtuoistõnz,/ˈkuolmˌtuoistənz/
pūrmaņ,/ˈpuːrmɑɲ/
ū’oļmõz,/ˈuːˀoʎməz/
ki’zzõ,/ˈkiˀzːə/
analīz,/ˈɑnɑliːz/
kunāgid,/ˈkunɑːɡid/
tabāndõks,/ˈtɑbɑːndəks/
ki’zlõ,/ˈkiˀzlə/
lȭga,/ˈlɯːɡɑ/
šlūik,/ˈʃluːik/
kārnaz,/ˈkɑːrnɑz/
tȭlpa,/ˈtɯːlpɑ/
vigā,/ˈviɡɑː/
rīpõ,/ˈriːpə/
peppiņd,/ˈpepːiɲd/
pālkali,/ˈpɑːlkɑli/
izāve’ļ,/ˈizɑːˌveˀʎ/
kuodāj,/ˈkuodɑːj/
sīekõrd,/ˈsiːeˌkɯrd/
kangti,/ˈkɑnɡti/
kațki,/ˈkɑcki/
vitsā,/ˈvitsɑː/
jǭ’dõ,/ˈjɒːˀdə/
tūrska,/ˈtuːrskɑ/
mǭīlma,/ˈmɒːˌiːlmɑ/
pū,/ˈpuː/
vī’ri,/ˈviːˀri/
fonētik,/ˈfoneːtik/
jūokšõ,/ˈjuːokʃə/
va’il,/ˈvɑˀil/
pivā,/ˈpivɑː/
alīztas,/ˈɑliːzˌtɑs/
pūŗaz,/ˈpuːrʲɑz/
je’dstõ,/ˈjeˀdstə/
varāz,/ˈvɑrɑːz/
andõ,/ˈɑndə/
si’ldzi,/ˈsiˀldzi/
austrij,/ˈɑustrij/
prantšmǭ,/ˈprɑnt͡ʃˌmɒː/
palāg,/ˈpɑlɑːɡ/
ǟma,/ˈæːmɑ/
pȭrna,/ˈpɯːrnɑ/
jõ’vvõ,/ˈjɯˀvːə/
kǭrtõz,/ˈkɒːrtəz/
ānkaŗ,/ˈɑːnkɑrʲ/
nǭļa,/ˈnɒːʎɑ/
siepā,/ˈsiepɑː/
lōlami,/ˈloːlɑmi/
tomāt,/ˈtomɑːt/
bǭik,/ˈbɒːik/
tämā,/ˈtæmɑː/
kangpūd,/ˈkɑnɡˌpuːd/
lǟtšõz,/ˈlæːt͡ʃəz/
tazā,/ˈtɑzɑː/
siktār,/ˈsiktɑːr/
kärp,/ˈkærp/
vakā,/ˈvɑkɑː/
tubāe’ḑḑi,/ˈtubɑːˌeˀɟːi/
sittõ,/ˈsitːə/
kovālstiz,/ˈkovɑːlstiz/
vī’mkū,/ˈviːˀmˌkuː/
lu’g,/ˈluˀɡ/
je’nnõ,/ˈjeˀnːə/
ko’ggõrz,/ˈkoˀɡːərz/
kuoț,/ˈkuoc/
kargõ,/ˈkɑrɡə/
ve’ļ,/ˈveˀʎ/
tieudõ,/ˈtieudə/
luoik,/ˈluoik/
tikkiž,/ˈtikːiʒ/
gūlma,/ˈɡuːlmɑ/
pǟgiņtõ,/ˈpæːɡiɲtə/
pǭž,/ˈpɒːʒ/
kītõm,/ˈkiːtəm/
uid,/ˈuid/
pūlka,/ˈpuːlkɑ/
o’unõz,/ˈoˀunəz/
paŗīmstiz,/ˈpɑrʲiːmstiz/
kūolka nanā,/ˈkuːolkɑˌnɑnɑː/
aņgõrz,/ˈɑɲɡərz/
vȯ’zzõ,/ˈvɤˀzːə/
pigā,/ˈpiɡɑː/
gadāg,/ˈɡɑdɑːɡ/
ma’ņņõ,/ˈmɑˀɲːə/
tǟ’tõ,/ˈtæːˀtə/
izā,/ˈizɑː/
salā,/ˈsɑlɑː/
la’ggõ,/ˈlɑˀɡːə/
pȯļļõ,/ˈpɤʎːə/
ratstõ,/ˈrɑtstə/
pūgõ,/ˈpuːɡə/
kǭ’dsadāz,/ˈkɒːˀdˌsɑdɑːz/
kuoštrõg,/ˈkuoʃtrəɡ/
appāina,/ˈɑpːˌɑːinɑ/
mīņa,/ˈmiːɲɑ/
lī’ekõni’m,/ˈliːˀekəˌniˀm/
kāndam,/ˈkɑːndɑm/
tegīž,/ˈteɡiːʒ/
mǭgõr,/ˈmɒːɡər/
jõbā,/ˈjɯbɑː/
tūrgõz,/ˈtuːrɡəz/
pǟva,/ˈpæːvɑ/
sõitõ,/ˈsɯitə/
nuŗm,/ˈnurʲm/
se,/ˈse/
siḑīmsõnā,/ˈsiɟiːmˌsɯnɑː/
nǭ’gi,/ˈnɒːˀɡi/
vīž,/ˈviːʒ/
tämpõ,/ˈtæmpə/
vālda,/ˈvɑːldɑ/
tijā,/ˈtijɑː/
kūdsadāz,/ˈkuːdˌsɑdɑːz/
siļg,/ˈsiʎɡ/
kilgõ,/ˈkilɡə/
kȭlbatõ,/ˈkɯːlbɑtə/
aig,/ˈɑiɡ/
mie’r,/ˈmieˀr/
oudõ,/ˈoudə/
ȭlma,/ˈɯːlmɑ/
sī’ḑšt,/ˈsiːˀɟʃt/
tukkõ,/ˈtukːə/
tup,/ˈtup/
alīz,/ˈɑliːz/
rištusk,/ˈriʃtˌusk/
palg,/ˈpɑlɡ/
sūrmõd,/ˈsuːrməd/
u’llõ,/ˈuˀlːə/
kūlda,/ˈkuːldɑ/
vǭŗ,/ˈvɒːrʲ/
tā’giž,/ˈtɑːˀɡiʒ/
jemānd,/ˈjemɑːnd/
ädāgõ,/ˈædɑːɡə/
läpš,/ˈlæpʃ/
madāli,/ˈmɑdɑːli/
nõ’v,/ˈnɯˀv/
kouš,/ˈkouʃ/
kūžtuoistõn,/ˈkuːʒˌtuoistən/
lä’bbõ,/ˈlæˀbːə/
vǟnta,/ˈvæːntɑ/
kuoŗŗõ,/ˈkuorʲːə/
rǭstõ,/ˈrɒːstə/
imāb,/ˈimɑːb/
rips,/ˈrips/
kūldõ,/ˈkuːldə/
võttõ,/ˈvɯtːə/
kougit,/ˈkouɡit/
ra’gdõ,/ˈrɑˀɡdə/
bosnij,/ˈbosnij/
nõ’ddõr,/ˈnɯˀdːər/
vi’b,/ˈviˀb/
kīntš,/ˈkiːnt͡ʃ/
kǭ’dõkstuoistõnz,/ˈkɒːˀdəksˌtuoistənz/
kazātõ,/ˈkɑzɑːtə/
jūoji,/ˈjuːoji/
urg,/ˈurɡ/
rǭibõ,/ˈrɒːibə/
kālmadtarā,/ˈkɑːlmɑdˌtɑrɑː/
lī’edpū,/ˈliːˀedˌpuː/
käbrāz,/ˈkæbrɑːz/
jūsõ,/ˈjuːsə/
pitkit,/ˈpitkit/
mīgõ,/ˈmiːɡə/
neitški,/ˈneit͡ʃki/
sīpõl,/ˈsiːpəl/
sī’ḑõ,/ˈsiːˀɟə/
kāima,/ˈkɑːimɑ/
pīgõz,/ˈpiːɡəz/
te’b,/ˈteˀb/
kak,/ˈkɑk/
si’gžkū,/ˈsiˀɡʒˌkuː/
ka’rdi,/ˈkɑˀrdi/
lõuglõ,/ˈlɯuɡlə/
maks,/ˈmɑks/
tīerat,/ˈtiːerɑt/
sibīrij,/ˈsibiːrij/
irīkšõ,/ˈiriːkʃə/
o’unõmǭŗa,/ˈoˀunəˌmɒːrʲɑ/
vȭrõzizā,/ˈvɯːrəzˌizɑː/
nukkõr,/ˈnukːər/
kōgiņ,/ˈkoːɡiɲ/
ta’ggõ,/ˈtɑˀɡːə/
la’z,/ˈlɑˀz/
mu’rrõ,/ˈmuˀrːə/
tūlda,/ˈtuːldɑ/
rȭm,/ˈrɯːm/
sūoŗ,/ˈsuːorʲ/
pierz,/ˈpierz/
loppõ,/ˈlopːə/
tūima,/ˈtuːimɑ/
seismõz,/ˈseisməz/
vazār,/ˈvɑzɑːr/
kīļaz,/ˈkiːʎɑz/
pālka,/ˈpɑːlkɑ/
nūrka,/ˈnuːrkɑ/
vȯrūks,/ˈvɤruːks/
pusk,/ˈpusk/
ve’l,/ˈveˀl/
sugā,/ˈsuɡɑː/
gūngaserk,/ˈɡuːnɡɑˌserk/
lutārusk,/ˈlutɑːrˌusk/
sū,/ˈsuː/
tie’nnõ,/ˈtieˀnːə/
ūļ,/ˈuːʎ/
vīț,/ˈviːc/
zup,/ˈzup/
midžā,/ˈmidʒɑː/
ma’gḑõ,/ˈmɑˀɡɟə/
ne,/ˈne/
rīdļõ,/ˈriːdʎə/
vǟ’grõ,/ˈvæːˀɡrə/
sulā,/ˈsulɑː/
ī’dtõlu’ggõ,/ˈiːˀdtəˌluˀɡːə/
jo,/juo/
va’id,/ˈvɑˀid/
skrūodõr,/ˈskruːodər/
elatīv,/ˈelɑtiːv/
tuoi,/ˈtuoi/
vȯi,/ˈvɤi/
tīepǟva,/ˈtiːeˌpæːvɑ/
si’gž,/ˈsiˀɡʒ/
tsīļ,/ˈtsiːʎ/
agā,/ˈɑɡɑː/
munādkuoț,/ˈmunɑːdˌkuoc/
prantsūzmǭ,/ˈprɑntsuːzˌmɒː/
i’lzõ,/ˈiˀlzə/
kaibõ,/ˈkɑibə/
kūrna,/ˈkuːrnɑ/
mõltsi,/ˈmɯltsi/
ku’rmǭ,/ˈkuˀrˌmɒː/
rī’j,/ˈriːˀj/
rūtlimi,/ˈruːtlimi/
jatk,/ˈjɑtk/
ǭ’v,/ˈɒːˀv/
pīertõ,/ˈpiːertə/
tuoimiji,/ˈtuoimiji/
lakād,/ˈlɑkɑːd/
võrgõ,/ˈvɯrɡə/
bä’zmõr,/ˈbæˀzmər/
sīemi,/ˈsiːemi/
tēriņtõ,/ˈteːriɲtə/
pi’ds,/ˈpiˀds/
mēg,/ˈmeːɡ/
kaffe,/ˈkɑfːe/
āina,/ˈɑːinɑ/
amūstiz,/ˈɑmuːstiz/
illatīv,/ˈilːɑtiːv/
je’ds,/ˈjeˀds/
suodā,/ˈsuodɑː/
jõvā ūomõg,/ˈjɯvɑː ˈuːoməɡ/
kis,/ˈkis/
pūolpǟva,/ˈpuːolˌpæːvɑ/
jūokš,/ˈjuːokʃ/
sigāvȯzā,/ˈsiɡɑːˌvɤzɑː/
vāldakrī’evmǭ,/ˈvɑːldɑˌkriːˀevˌmɒː/
škink,/ˈʃkink/
dabā,/ˈdɑbɑː/
kǭ’dõkssadāz,/ˈkɒːˀdəksˌsɑdɑːz/
pitkittē’ḑ,/ˈpitkitˌteːˀɟ/
pī’lõ,/ˈpiːˀlə/
pūnda,/ˈpuːndɑ/
närā,/ˈnærɑː/
kerk,/ˈkerk/
brēḑig,/ˈbreːɟiɡ/
purōv,/ˈpuroːv/
ī’dõks,/ˈiːˀdəks/
seismi,/ˈseismi/
spleiš,/ˈspleiʃ/
veitõ,/ˈveitə/
uikõ,/ˈuikə/
sȭrmõz,/ˈsɯːrməz/
ki’ldzi,/ˈkiˀldzi/
na’ggõrz,/ˈnɑˀɡːərz/
joud,/ˈjoud/
ra’dļõ,/ˈrɑˀdʎə/
loptõ,/ˈloptə/
līvli,/ˈliːvli/
tašīņtõ,/ˈtɑʃiːɲtə/
kīņtš,/ˈkiːɲt͡ʃ/
prepozītsij,/ˈprepoziːtsij/
pǟrnov,/ˈpæːrnov/
painõ,/ˈpɑinə/
sǭmal,/ˈsɒːmɑl/
liktõ,/ˈliktə/
ki’v,/ˈkiˀv/
õvā,/ˈɯvɑː/
pǟvava’l,/ˈpæːvɑˌvɑˀl/
ablatīv,/ˈɑblɑtiːv/
sūomli,/ˈsuːomli/
pärsōn,/ˈpærsoːn/
kõlbõ,/ˈkɯlbə/
neļļõndpǟva,/ˈneʎːəndˌpæːvɑ/
te’ddõr,/ˈteˀdːər/
kuordist,/ˈkuordist/
kaptēn,/ˈkɑpteːn/
paskāndõ,/ˈpɑskɑːndə/
sulg,/ˈsulɡ/
pȭzõ,/ˈpɯːzə/
sva’rrõ,/ˈsvɑˀrːə/
pipā,/ˈpipɑː/
pǟgiņlu’g,/ˈpæːɡiɲˌluˀɡ/
ka’j,/ˈkɑˀj/
pīer,/ˈpiːer/
printsip,/ˈprintsip/
horvātij,/ˈhorvɑːtij/
tīetēji,/ˈtiːeˌteːji/
sangdõ,/ˈsɑnɡdə/
kūolka kõlā,/ˈkuːolkɑˌkɯlɑː/
aigā,/ˈɑiɡɑː/
tõurõz,/ˈtɯurəz/
brūni,/ˈbruːni/
mūtõ,/ˈmuːtə/
kuppõnsēmḑa,/ˈkupːənˌseːmɟɑ/
sīepierāst,/ˈsiːeˌpierɑːst/
jūoimi,/ˈjuːoimi/
tȭla,/ˈtɯːlɑ/
mǭmīez,/ˈmɒːˌmiːez/
riktig,/ˈriktiɡ/
tǭ’mi,/ˈtɒːˀmi/
jovātõ,/ˈjovɑːtə/
bīskop,/ˈbiːskop/
lītõltõ,/ˈliːtəltə/
salāts,/ˈsɑlɑːts/
nemē,/ˈnemeː/
kuo’d,/ˈkuoˀd/
ä’b,/ˈæˀb/
pū’dstõ,/ˈpuːˀdstə/
student,/ˈstudent/
zäp,/ˈzæp/
ro’vz,/ˈroˀvz/
ortogrāfij,/ˈortoɡrɑːfij/
laidõr,/ˈlɑidər/
oppõ,/ˈopːə/
põŗgtõ,/ˈpɯrʲɡtə/
spūoļ,/ˈspuːoʎ/
ku’zzõ,/ˈkuˀzːə/
āigast,/ˈɑːiɡɑst/
loļ,/ˈloʎ/
lu’m,/ˈluˀm/
piḑīm,/ˈpiɟiːm/
rīžõ,/ˈriːʒə/
ulzõ,/ˈulzə/
kūož,/ˈkuːoʒ/
lovā,/ˈlovɑː/
va’nbizt,/ˈvɑˀnbizt/
blē’ḑ,/ˈbleːˀɟ/
sī,/ˈsiː/
joutõm,/ˈjoutəm/
kittõb,/ˈkitːəb/
statsij,/ˈstɑtsij/
mõtsā,/ˈmɯtsɑː/
tagānd,/ˈtɑɡɑːnd/
pūoga,/ˈpuːoɡɑ/
kȭr,/ˈkɯːr/
āltar,/ˈɑːltɑr/
taibõdakš,/ˈtɑibəˌdɑkʃ/
kõzā,/ˈkɯzɑː/
kīņḑõl,/ˈkiːɲɟəl/
madāltõ,/ˈmɑdɑːltə/
ki’llõ,/ˈkiˀlːə/
nī’em,/ˈniːˀem/
rǭgõd,/ˈrɒːɡəd/
je’lsõ,/ˈjeˀlsə/
mȭk,/ˈmɯːk/
leišmǭ,/ˈleiʃˌmɒː/
rūod,/ˈruːod/
borāvīk,/ˈborɑːviːk/
sa’ddõ,/ˈsɑˀdːə/
pi’ņ,/ˈpiˀɲ/
bǭr,/ˈbɒːr/
kakškimdõ,/ˈkɑkʃˌkimdə/
tī’edõ,/ˈtiːˀedə/
ki’l,/ˈkiˀl/
seistuoistõnz,/ˈseisˌtuoistənz/
belgij,/ˈbelɡij/
ki’lgõ,/ˈkiˀlɡə/
pu’nni,/ˈpuˀnːi/
rištizā,/ˈriʃtˌizɑː/
alz,/ˈɑlz/
tilbrēḑig,/ˈtilˌbreːɟiɡ/
tu’ļļi,/ˈtuˀʎːi/
rǭziņ,/ˈrɒːziɲ/
nǟr,/ˈnæːr/
kastūg,/ˈkɑstuːɡ/
pūola,/ˈpuːolɑ/
a’igõ,/ˈɑˀiɡə/
bulgārij,/ˈbulɡɑːrij/
ņäpā,/ˈɲæpɑː/
paint,/ˈpɑint/
īrõmǭ,/ˈiːrəˌmɒː/
dillõd,/ˈdilːəd/
mulk,/ˈmulk/
ri’ggõz,/ˈriˀɡːəz/
vȱlda,/ˈvɤːldɑ/
ni,/ˈni/
kūorbastõ,/ˈkuːorbɑstə/
re’bbi,/ˈreˀbːi/
lānga,/ˈlɑːnɡɑ/
ougust,/ˈouɡust/
num,/ˈnum/
ǭ’dõz,/ˈɒːˀdəz/
joudzi,/ˈjoudzi/
jūnij,/ˈjuːnij/
ļäpā,/ˈʎæpɑː/
karri,/ˈkɑrːi/
je’llõ,/ˈjeˀlːə/
pä’zzõ,/ˈpæˀzːə/
alg,/ˈɑlɡ/
kuŗē,/ˈkurʲeː/
pǟvaļikki,/ˈpæːvɑʎikːi/
pȯrtõ,/ˈpɤrtə/
kī’l,/ˈkiːˀl/
õ’bbi,/ˈɯˀbːi/
seļtš,/ˈseʎt͡ʃ/
minūt,/ˈminuːt/
i’bbi,/ˈiˀbːi/
ri’ggilēba,/ˈriˀɡːiˌleːbɑ/
katōļusk,/ˈkɑtoːʎˌusk/
ro’v,/ˈroˀv/
vȱŗa,/ˈvɤːrʲɑ/
lǟ’nd,/ˈlæːˀnd/
i’ldõ,/ˈiˀldə/
je’dspē’ḑõn,/ˈjeˀdsˌpeːˀɟən/
uttõ,/ˈutːə/
allatīv,/ˈɑlːɑtiːv/
ikštäuž,/ˈikʃˌtæuʒ/
sukā,/ˈsukɑː/
upāndõ,/ˈupɑːndə/
pǟgiņ,/ˈpæːɡiɲ/
kaš,/ˈkɑʃ/
sõ’vpivād,/ˈsɯˀvˌpivɑːd/
nīņ,/ˈniːɲ/
mier,/ˈmieˀr/
pīki,/ˈpiːki/
lamātõks,/ˈlɑmɑːtəks/
neļļõz,/ˈneʎːəz/
pīsk,/ˈpiːsk/
kǭla,/ˈkɒːlɑ/
täuž,/ˈtæuʒ/
itālij,/ˈitɑːlij/
bomīkšõ,/ˈbomiːkʃə/
mǭnikā,/ˈmɒːˌnikɑː/
kabāl,/ˈkɑbɑːl/
su’llõ,/ˈsuˀlːə/
maitsõ,/ˈmɑitsə/
grant,/ˈɡrɑnt/
idā,/ˈidɑː/
kuolmiņ,/ˈkuolmiɲ/
irgõ,/ˈirɡə/
vȭidag,/ˈvɯːidɑɡ/
erk,/ˈerk/
kīerõ,/ˈkiːerə/
kūondõ,/ˈkuːondə/
vȯndzi,/ˈvɤndzi/
va’l,/ˈvɑˀl/
detsembõr,/ˈdetsembər/
e’žmõks,/ˈeˀʒməks/
pīk,/ˈpiːk/
ērgiļd,/ˈeːrɡiʎd/
mǭ,/ˈmɒː/
e’žžõmpǟva,/ˈeˀʒːəmˌpæːvɑ/
līem,/ˈliːem/
pat,/ˈpɑt/
kuotkānõz,/ˈkuotkɑːnəz/
kitsāstiz,/ˈkitsɑːstiz/
vie’rtõ,/ˈvieˀrtə/
täm,/ˈtæm/
õ’bdi,/ˈɯˀbdi/
u’mmitsõnā,/ˈuˀmːitˌsɯnɑː/
ni’mtõ,/ˈniˀmtə/
so’ugdõ,/ˈsoˀuɡdə/
a’b,/ˈɑˀb/
sipriki,/ˈsipriki/
knaš,/ˈknɑʃ/
e’žǭ’rõn,/ˈeˀʒˌɒːˀrən/
su’ggõ,/ˈsuˀɡːə/
liegā,/ˈlieɡɑː/
venkõ,/ˈvenkə/
ve’ggi,/ˈveˀɡːi/
sūomõmǭ,/ˈsuːoməˌmɒː/
kovālõz,/ˈkovɑːləz/
mänd,/ˈmænd/
ī’t,/ˈiːˀt/
a’m,/ˈɑˀm/
mitikš,/ˈmitˌikʃ/
dēņmǭ,/ˈdeːɲˌmɒː/
jālgiņ,/ˈjɑːlɡiɲ/
tuoisti,/ˈtuoisti/
i’ļļiskūol,/ˈiˀʎːiˌskuːol/
mȭrda,/ˈmɯːrdɑ/
ūžkilā,/ˈuːʒˌkilɑː/
pastõ,/ˈpɑstə/
kuijõ,/ˈkuijə/
viš,/ˈviʃ/
kǟrpa,/ˈkæːrpɑ/
tūoimki,/ˈtuːoimki/
limā,/ˈlimɑː/
ȭ’gõ,/ˈɯːˀɡə/
kurgmǭŗa,/ˈkurɡˌmɒːrʲɑ/
mȯistõ,/ˈmɤistə/
jǭlõks,/ˈjɒːləks/
pūtõks,/ˈpuːtəks/
su’lli,/ˈsuˀlːi/
ērgiļnikā,/ˈeːrɡiʎˌnikɑː/
je’dmõl,/ˈjeˀdməl/
e’ggiļ,/ˈeˀɡːiʎ/
vaigā,/ˈvɑiɡɑː/
sūrslõ,/ˈsuːrslə/
täudõ,/ˈtæudə/
rõkāndiji,/ˈrɯkɑːndiji/
tīe,/ˈtiːe/
jatkõ,/ˈjɑtkə/
jakt,/ˈjɑkt/
kuo’nnõ,/ˈkuoˀnːə/
sūr,/ˈsuːr/
vastālovā,/ˈvɑstɑːlovɑː/
moskov,/ˈmoskov/
va’ŗtõ,/ˈvɑˀrʲtə/
kas,/ˈkɑs/
protsent,/ˈprotsent/
liestā,/ˈliestɑː/
viedām,/ˈviedɑːm/
opātõ,/ˈopɑːtə/
midāgõd,/ˈmidɑːɡəd/
kä’g,/ˈkæˀɡ/
pistõ,/ˈpistə/
puskāntõ,/ˈpuskɑːntə/
ädā,/ˈædɑː/
gūogõz,/ˈɡuːoɡəz/
lȭinagizt,/ˈlɯːinɑɡizt/
ēdrõm,/ˈeːdrəm/
i’ggõz,/ˈiˀɡːəz/
algõ,/ˈɑlɡə/
sa’ddõl,/ˈsɑˀdːəl/
lūomõz,/ˈluːoməz/
õ’v,/ˈɯˀv/
a’ž,/ˈɑˀʒ/
radio,/ˈrɑdio/
gārban,/ˈɡɑːrbɑn/
lõks,/ˈlɯks/
mīrtõ,/ˈmiːrtə/
kaffetas,/ˈkɑfːeˌtɑs/
ulātõ,/ˈulɑːtə/
kēļ,/ˈkeːʎ/
tsepļā,/ˈtsepʎɑː/
si’ddõ,/ˈsiˀdːə/
stǭdõ,/ˈstɒːdə/
pivāstõ,/ˈpivɑːstə/
kūoŗštõ,/ˈkuːorʲʃtə/
märā,/ˈmærɑː/
le’žgõl,/ˈleˀʒɡəl/
tä’m,/ˈtæˀm/
kuolmsadā,/ˈkuolmˌsɑdɑː/
nīel,/ˈniːel/
kougi,/ˈkouɡi/
nuttõ,/ˈnutːə/
vā’giž,/ˈvɑːˀɡiʒ/
kapīņțõ,/ˈkɑpiːɲcə/
kanād,/ˈkɑnɑːd/
latǟrn,/ˈlɑtæːrn/
holand,/ˈholɑnd/
vie’nnõ,/ˈvieˀnːə/
ī’dõkskimdõ,/ˈiːˀdəksˌkimdə/
līt,/ˈliːt/
ūoņi,/ˈuːoɲi/
mingizkõrd,/ˈminɡizˌkɯrd/
ertļõ,/ˈertʎə/
miljon,/ˈmiljon/
piettõ,/ˈpietːə/
salātõ,/ˈsɑlɑːtə/
jõvīst,/ˈjɯviːst/
astām,/ˈɑstɑːm/
villi,/ˈvilːi/
põrm,/ˈpɯrm/
a’bbõnz,/ˈɑˀbːənz/
kūona,/ˈkuːonɑ/
lūoltiji,/ˈluːoltiji/
kīņ,/ˈkiːɲ/
siegās,/ˈsieɡɑːs/
tǟnõ,/ˈtæːnə/
sä’ltõ,/ˈsæˀltə/
sa’ggõld,/ˈsɑˀɡːəld/
pa’ŗ,/ˈpɑˀrʲ/
jettõ,/ˈjetːə/
võzā,/ˈvɯzɑː/
krūogõ,/ˈkruːoɡə/
vȯ’dlõ,/ˈvɤˀdlə/
ni’gļiki,/ˈniˀɡʎiki/
aigõ,/ˈɑiɡə/
umāl,/ˈumɑːl/
kīlma,/ˈkiːlmɑ/
tōvaz,/ˈtoːvɑz/
pankok,/ˈpɑnˌkok/
pu’ggõ,/ˈpuˀɡːə/
povār,/ˈpovɑːr/
nītõ,/ˈniːtə/
lōka,/ˈloːkɑ/
jutlõks,/ˈjutləks/
amā,/ˈɑmɑː/
õ’vvõ,/ˈɯˀvːə/
munā,/ˈmunɑː/
ku’ž,/ˈkuˀʒ/
valdõ,/ˈvɑldə/
sizāld,/ˈsizɑːld/
sīestõ,/ˈsiːestə/
gaffõl,/ˈɡɑfːəl/
tē’ḑ,/ˈteːˀɟ/
kīndabǟ,/ˈkiːndɑˌbæː/
kirb,/ˈkirb/
jōtaz,/ˈjoːtɑz/
būoḑ,/ˈbuːoɟ/
īnda,/ˈiːndɑ/
vīdtuoistõnz,/ˈviːdˌtuoistənz/
zēp,/ˈzeːp/
kāndõks,/ˈkɑːndəks/
līti,/ˈliːti/
sa’gdõ,/ˈsɑˀɡdə/
sõnā,/ˈsɯnɑː/
tink,/ˈtink/
nētša,/ˈneːt͡ʃɑ/
ma’ggõ,/ˈmɑˀɡːə/
pivālind,/ˈpivɑːˌlind/
mȯ’lmõd,/ˈmɤˀlməd/
program,/ˈproɡrɑm/
nīdõd,/ˈniːdəd/
käskõ,/ˈkæskə/
ūnd,/ˈuːnd/
sõstār,/ˈsɯstɑːr/
vǭjastõ,/ˈvɒːjɑstə/
lē’ḑ,/ˈleːˀɟ/
pī’ldzi,/ˈpiːˀldzi/
ra’bdõ,/ˈrɑˀbdə/
lešknai,/ˈleʃkˌnɑi/
grēkõmǭ,/ˈɡreːkəˌmɒː/
nīskõ,/ˈniːskə/
sugīd,/ˈsuɡiːd/
pīlpaz,/ˈpiːlpɑz/
ä’gstõ,/ˈæˀɡstə/
lu’ggõ,/ˈluˀɡːə/
engõlmǭ,/ˈenɡəlˌmɒː/
põŗgõ,/ˈpɯrʲɡə/
līst,/ˈliːst/
päp,/ˈpæp/
norvēgij,/ˈnorveːɡij/
siļk,/ˈsiʎk/
ükš,/ykʃ/
knīplōka,/ˈkniːpˌloːkɑ/
mitš,/ˈmit͡ʃ/
lețkēļ,/ˈlecˌkeːʎ/
kōgi,/ˈkoːɡi/
igā,/ˈiɡɑː/
nīžõ,/ˈniːʒə/
le’b,/ˈleˀb/
rok,/ˈrok/
serbij,/ˈserbij/
kīskõ,/ˈkiːskə/
sä,/ˈsæ/
ukš,/ˈukʃ/
pie’zzõ,/ˈpieˀzːə/
nǟna,/ˈnæːnɑ/
jeiji,/ˈjeiji/
maij,/ˈmɑij/
irg,/ˈirɡ/
pa’ggõ,/ˈpɑˀɡːə/
luškõz,/ˈluʃkəz/
būmbal,/ˈbuːmbɑl/
ibūks,/ˈibuːks/
kurk,/ˈkurk/
sūol,/ˈsuːol/
rūogõz,/ˈruːoɡəz/
pallõ,/ˈpɑlːə/
ǭra,/ˈɒːrɑ/
i’nnõ,/ˈiˀnːə/
sipā,/ˈsipɑː/
kalādrok,/ˈkɑlɑːdˌrok/
lomāstõ,/ˈlomɑːstə/
ūoļ,/ˈuːoʎ/
brī,/ˈbriː/
ni’zzõz,/ˈniˀzːəz/
rētš,/ˈreːt͡ʃ/
rūotšmǭ,/ˈruːot͡ʃˌmɒː/
jarā,/ˈjɑrɑː/
sitkõz,/ˈsitkəz/
īra jo’ug,/ˈiːrɑˌjoˀuɡ/
jelāj,/ˈjelɑːj/
pūtõ,/ˈpuːtə/
lilla,/ˈlilːɑ/
kimp,/ˈkimp/
okš,/ˈokʃ/
ra’zzi,/ˈrɑˀzːi/
tēgal,/ˈteːɡɑl/
kīnõmǭ,/ˈkiːnəˌmɒː/
aldõst,/ˈɑldəst/
oktōbõr,/ˈoktoːbər/
viskõ,/ˈviskə/
tūoņ,/ˈtuːoɲ/
lop,/ˈlop/
tä’v,/ˈtæˀv/
muškõz,/ˈmuʃkəz/
kūoral,/ˈkuːorɑl/
pī’emdõ,/ˈpiːˀemdə/
ārga,/ˈɑːrɡɑ/
tīeažā,/ˈtiːeˌɑʒɑː/
vȯžā,/ˈvɤʒɑː/
maigāz,/ˈmɑiɡɑːz/
li’ggõ,/ˈliˀɡːə/
ī’ž,/ˈiːˀʒ/
ä’bțõ,/ˈæˀbcə/
ältõ,/ˈæltə/
tēg,/ˈteːɡ/
kītõ,/ˈkiːtə/
ī’dsku’bs,/ˈiːˀdsˌkuˀbs/
mūoštõks,/ˈmuːoʃtəks/
je’l,/ˈjeˀl/
kǟnga,/ˈkæːnɡɑ/
lōlaji,/ˈloːlɑji/
mittõ,/ˈmitːə/
nȭrka,/ˈnɯːrkɑ/
āiraz,/ˈɑːirɑz/
jõugõmǭŗa,/ˈjɯuɡəˌmɒːrʲɑ/
