trained_on,tested_on,n_test,test_per,test_acc
karelian,karelian,69,0.03288201160541586,0.8695652173913043
karelian,livonian,248,0.40177089097952406,0.06048387096774194
karelian,ingrian,824,0.19730051607780866,0.25849514563106796
livonian,karelian,69,0.2205029013539652,0.3188405797101449
livonian,livonian,248,0.011068068622025456,0.9435483870967742
livonian,ingrian,824,0.25353976445679505,0.17233009708737865
ingrian,karelian,69,0.12572533849129594,0.4927536231884058
ingrian,livonian,248,0.37631433314886553,0.05241935483870968
ingrian,ingrian,824,0.024877596929998677,0.8470873786407767
