trained_on,tested_on,grapheme,gold,prediction,edit_distance
karelian,karelian,pyššy,ˈpyʃːy,ˈpyʃʃy,1
karelian,karelian,muakondie,ˈmuɑ̯ˌkondie̯,ˈmuɑ̯ˌkondʲe,2
karelian,karelian,toine toizen,ˈtoi̯nʲe ˌtoi̯zen,ˈtoi̯nʲeˌtoi̯nʲen,3
karelian,karelian,kofei,ˈkofei̯,ˈkofei,1
karelian,karelian,tammikko,ˈtɑmːikːo,ˈtamːikːo,1
karelian,karelian,allaviivata,ˈɑlːɑˌʋiːʋɑtɑ,ˈɑlːɑˌʋiːʋɑ,2
karelian,karelian,čičiliušku,ˈt͡ʃit͡ʃiˌlʲiu̯ʃku,ˈt͡ʃit͡ʃiˌluʃkː,4
karelian,karelian,ahtivo,ˈɑhtʲiʋo,ˈɑhtʲio̯,2
karelian,karelian,niätä,ˈnʲiæ̯tæ,ˈnʲiæ̯tʲæ,1
karelian,livonian,paprik,ˈpɑprik,ˈpɑprikː,1
karelian,livonian,sūo,ˈsuːo,ˈsoo,2
karelian,livonian,ǟrmatõ,ˈæːrmɑtə,ˈʋrmɑt,3
karelian,livonian,vai’dlõ,ˈvɑiˀdlə,ˈʋɑi̯ldl,4
karelian,livonian,tõmbõ,ˈtɯmbə,ˈtomb,2
karelian,livonian,na’grõ,ˈnɑˀɡrə,ˈnɑrɡr,2
karelian,livonian,udār,ˈudɑːr,ˈud̯r,2
karelian,livonian,padā,ˈpɑdɑː,ˈpɑd̯,2
karelian,livonian,pi’mdiņtõ,ˈpiˀmdiɲtə,ˈpimːdie̯t,5
karelian,livonian,īe,ˈiːe,ˈee,2
karelian,livonian,outōbus,ˈoutoːˌbus,ˈou̯t͡bus,4
karelian,livonian,tuoit,ˈtuoit,ˈtuo̯it,1
karelian,livonian,mū,ˈmuː,ˈme,2
karelian,livonian,āinakū,ˈɑːinɑˌkuː,ˈʋinɑkː,4
karelian,livonian,ǭla,ˈɒːlɑ,ˈʋlɑ,2
karelian,livonian,grīekmǭ,ˈɡriːekˌmɒː,ˈɡreekm,5
karelian,livonian,dūoņig,ˈduːoɲiɡ,ˈdoo̯i̯ɡ,4
karelian,livonian,tǭla,ˈtɒːlɑ,ˈtolɑ,2
karelian,livonian,īņõz,ˈiːɲəz,ˈʋozʲ,5
karelian,livonian,salāndõ,ˈsɑlɑːndə,ˈsɑlend,3
karelian,livonian,kukkõrz,ˈkukːərz,ˈkukːrz,1
karelian,livonian,slovēnij,ˈsloveːnij,ˈslooˌnʲij,4
karelian,livonian,kejā,ˈkejɑː,ˈkeje,2
karelian,livonian,ä’busk,ˈæˀbˌusk,ˈæ̯busk,2
karelian,livonian,kāika,ˈkɑːikɑ,ˈkoi̯ɑ,3
karelian,livonian,sūormõks,ˈsuːorməks,ˈsoormos,4
karelian,livonian,paskā,ˈpɑskɑː,ˈpɑskː,1
karelian,livonian,roudi,ˈroudi,ˈrou̯dʲi,2
karelian,livonian,täsā,ˈtæsɑː,ˈtʲæsʲ,3
karelian,livonian,drū’ošõ,ˈdruːˀoʃə,ˈdroˌoʃː,4
karelian,livonian,sõzār,ˈsɯzɑːr,ˈsozʃr,3
karelian,livonian,a’jjõ,ˈɑˀjːə,ˈɑjjj,3
karelian,livonian,tsirp,ˈtsirp,ˈtʲsʲrp,2
karelian,livonian,kǭŗa,ˈkɒːrʲɑ,ˈkorɑ,3
karelian,livonian,jo’vd,ˈjoˀvd,ˈjoʋʋd,2
karelian,livonian,vēna,ˈveːnɑ,ˈʋonɑ,3
karelian,livonian,taļ,ˈtɑʎ,ˈtɑ,1
karelian,livonian,prațțõ,ˈprɑcːə,ˈprɑ̯ʋo,3
karelian,livonian,muskant,ˈmuskɑnt,ˈmuskːɑnt,1
karelian,livonian,suoimõ,ˈsuoimə,ˈsuo̯imː,2
karelian,livonian,i’ļļõ,ˈiˀʎːə,ˈio̯ʋo,4
karelian,livonian,vastātõ,ˈvɑstɑːtə,ˈʋɑstto,4
karelian,livonian,līenõ,ˈliːenə,ˈloen,3
karelian,livonian,līdõ,ˈliːdə,ˈlode,3
karelian,livonian,pästõ,ˈpæstə,ˈpæsʲto,2
karelian,livonian,piedāg,ˈpiedɑːɡ,ˈpie̯doɡ,3
karelian,livonian,sintõ,ˈsintə,ˈsʲinto,2
karelian,livonian,mätāl,ˈmætɑːl,ˈmætʲːl,1
karelian,livonian,sie’ggõ,ˈsieˀɡːə,ˈsʲie̯ˌɡɡ,5
karelian,livonian,katūks,ˈkɑtuːks,ˈkɑt͡ks,2
karelian,livonian,äbjõvā,ˈæˀbˌjɯvɑː,ˈæbjo,6
karelian,livonian,kitkõ,ˈkitkə,ˈkitko,1
karelian,livonian,rūm,ˈruːm,ˈrm,2
karelian,livonian,tei,ˈtei,ˈtʲei̯,2
karelian,livonian,kle’it,ˈkleˀit,ˈklʲei̯t,3
karelian,livonian,kilgsõ,ˈkilɡsə,ˈkilʲːo,3
karelian,livonian,pu’ddõ,ˈpuˀdːə,ˈpuːdd,3
karelian,livonian,vārbaz,ˈvɑːrbɑz,ˈʋorbɑ,4
karelian,livonian,kõ’ddõrz,ˈkɯˀdːərz,ˈkoddorz,4
karelian,livonian,vašk,ˈvɑʃk,ˈʋɑʃk,1
karelian,livonian,sǭra,ˈsɒːrɑ,ˈsorɑ,2
karelian,livonian,vīerõ,ˈviːerə,ˈʋoe̯ʃ,5
karelian,livonian,kȭnka,ˈkɯːnkɑ,ˈkoŋkɑ,3
karelian,livonian,julgõ,ˈjulɡə,ˈjulɡo,1
karelian,livonian,aptēk,ˈɑpteːk,ˈɑptkː,2
karelian,livonian,kukkõr,ˈkukːər,ˈkukːr,1
karelian,livonian,genitīv,ˈɡenitiːv,ˈɡenʲitʲːʋ,3
karelian,livonian,ta’lk,ˈtɑˀlk,ˈtɑl̯k,2
karelian,livonian,likkõ,ˈlikːə,ˈlʲikː,2
karelian,livonian,jūom,ˈjuːom,ˈjoo̯,3
karelian,livonian,obāz,ˈobɑːz,ˈobez,2
karelian,livonian,lušti,ˈluʃti,ˈluʃtʲi,1
karelian,livonian,liepā,ˈliepɑː,ˈlʲie̯pː,3
karelian,livonian,ikšlu’g,ˈikʃˌluˀɡ,ˈikʃluu̯ɡ,3
karelian,livonian,sindõ,ˈsində,ˈsʲindo,2
karelian,livonian,sīņõ-tǟnõ,ˈsiːɲəˌtæːnə,ˈsoʃːton,8
karelian,livonian,tǭ’gõz,ˈtɒːˀɡəz,ˈtoʃɡz,4
karelian,livonian,ē’ņõz,ˈeːˀɲəz,ˈʋoːz,5
karelian,livonian,kūolka,ˈkuːolkɑ,ˈkoo̯kɑ,3
karelian,livonian,sõnārǭntõz,ˈsɯnɑːˌrɒːntəz,ˈsonːrnntʲy,7
karelian,livonian,jūrõ,ˈjuːˀrə,ˈjor,4
karelian,livonian,kuostõ,ˈkuostə,ˈkuo̯sto,2
karelian,livonian,vīrdõg,ˈviːrdəɡ,ˈʋordɡɡ,4
karelian,livonian,i’ddõ,ˈiˀdːə,ˈiodd,3
karelian,livonian,viettõ,ˈvietːə,ˈʋie̯tːo,3
karelian,livonian,nõ’rrõ,ˈnɯˀrːə,ˈnorrr,4
karelian,livonian,jelāmi,ˈjelɑːmi,ˈjelʲːi,2
karelian,livonian,va’itõ,ˈvɑˀitə,ˈʋɑʋitʲ,3
karelian,livonian,pūmpar,ˈpuːmpɑr,ˈpompɑr,2
karelian,livonian,jedāl,ˈjedɑːl,ˈjedʲː,2
karelian,livonian,ēstimǭ,ˈeːstiˌmɒː,ˈtsʲtim,6
karelian,livonian,ä’bpū’dõz,ˈæˀbˌpuːˀdəz,ˈæːbpodʲː,7
karelian,livonian,pūoraz,ˈpuːorɑz,ˈpoo̯ɑz,3
karelian,livonian,kǟ’tõ,ˈkæːˀtə,ˈkotː,4
karelian,livonian,zǭigõ,ˈzɒːiɡə,ˈzʲiːɡ,4
karelian,livonian,pīkstõ,ˈpiːkstə,ˈposʲto,5
karelian,livonian,tāibaz,ˈtɑːibɑz,ˈtʲibɑz,2
karelian,livonian,kǭrand,ˈkɒːrɑnd,ˈkorɑnd,2
karelian,livonian,pȭrand,ˈpɯːrɑnd,ˈporɑnd,2
karelian,livonian,kuordit,ˈkuordit,ˈkuo̯rdʲt,2
karelian,livonian,laigā,ˈlɑiɡɑː,ˈlɑi̯ɡo,3
karelian,livonian,me’r,ˈmeˀr,ˈmeːr,1
karelian,livonian,beļgij,ˈbeʎɡij,ˈbeŋɡij,1
karelian,livonian,o’vstõ,ˈoˀvstə,ˈoʋʋsto,3
karelian,livonian,lopāndõks,ˈlopɑːndəks,ˈlopondks,3
karelian,livonian,pǟgiņž,ˈpæːɡiɲʒ,ˈpoɡiʋʒ,3
karelian,livonian,mie’rnaigā,ˈmieˀrnˌɑiɡɑː,ˈmie̯ˌrɑnʲiɡɡ,7
karelian,livonian,kī’lõ,ˈkiːˀlə,ˈkolː,4
karelian,livonian,kǭra,ˈkɒːrɑ,ˈkorɑ,2
karelian,livonian,kukurūz,ˈkukuruːz,ˈkukure,3
karelian,livonian,õrā,ˈɯrɑː,ˈʋr,3
karelian,livonian,kuo’žžõ,ˈkuoˀʒːə,ˈkuo̯ʒʒ,3
karelian,livonian,kūdõz,ˈkuːdəz,ˈkodʲː,4
karelian,livonian,murdõ,ˈmurdə,ˈmurdo,1
karelian,livonian,līedõg,ˈliːedəɡ,ˈloe̯lɡɡ,5
karelian,livonian,ku’d,ˈkuˀd,ˈkuːd,1
karelian,livonian,apostrōf,ˈɑpostroːf,ˈɑpostʲːo,3
karelian,livonian,tūļ,ˈtuːʎ,ˈto,3
karelian,livonian,ētam,ˈeːtɑm,ˈtɑɑ̯,4
karelian,livonian,sieldõ,ˈsieldə,ˈsʲie̯ld,3
karelian,livonian,vie’ddõ,ˈvieˀdːə,ˈʋie̯ddd,4
karelian,livonian,uktõ,ˈuktə,ˈukto,1
karelian,livonian,vaņšti,ˈvɑɲʃti,ˈʋɑʃ̯tʲi,4
karelian,livonian,vikārt,ˈvikɑːrt,ˈʋikort,3
karelian,livonian,nūoļ,ˈnuːoʎ,ˈnoo̯,3
karelian,livonian,sīemt,ˈsiːemt,ˈsoemt,2
karelian,livonian,no’vvõ,ˈnoˀvːə,ˈnoʋʋʋ,4
karelian,livonian,nīt,ˈniːt,ˈnʲt,2
karelian,livonian,igāb,ˈiɡɑːb,ˈiɡeb,2
karelian,livonian,kistõ,ˈkistə,ˈkisʲto,2
karelian,livonian,sēmḑa,ˈseːmɟɑ,ˈsomːɑ,3
karelian,livonian,ēviļtõ,ˈeːviʎtə,ˈʋʋi̯tː,5
karelian,livonian,tū’ontõz,ˈtuːˀontəz,ˈtoʃonto,5
karelian,livonian,na’ggõl,ˈnɑˀɡːəl,ˈnɑrɡɡl,3
karelian,livonian,sä’dgõz,ˈsæˀdɡəz,ˈsʲæˌdɡo,4
karelian,livonian,kuolmõz,ˈkuolməz,ˈkuo̯lmo,3
karelian,livonian,kievām,ˈkievɑːm,ˈkie̯ʋː,3
karelian,livonian,lē’ḑkū,ˈleːˀɟˌkuː,ˈloʃːk,7
karelian,livonian,pǟl,ˈpæːl,ˈpol,2
karelian,livonian,bokāmǭŗa,ˈbokɑːˌmɒːrʲɑ,ˈbokomeɑ̯,8
karelian,livonian,svinā,ˈsvinɑː,ˈsʋʋinʲ,4
karelian,livonian,nodāl,ˈnodɑːl,ˈnodol,2
karelian,livonian,vāldame’r,ˈvɑːldɑˌmeˀr,ˈʋoldɑmer,5
karelian,livonian,a’rtõ,ˈɑˀrtə,ˈɑrrto,2
karelian,livonian,vepšõ,ˈvepʃə,ˈʋepʃː,2
karelian,livonian,rīsõd,ˈriːsəd,ˈrosʲd,3
karelian,livonian,pū’ojtõ,ˈpuːˀojtə,ˈpoo̯jt,5
karelian,livonian,mõiti,ˈmɯiti,ˈmoi̯tʲi,3
karelian,livonian,tiegāndõks,ˈtieɡɑːndəks,ˈtʲie̯ɡondks,5
karelian,livonian,dadžā,ˈdɑdʒɑː,ˈdɑdʒ,2
karelian,livonian,entsiklopēdij,ˈentsiklopeːdij,ˈentʲːiˌkolpoi̯,9
karelian,livonian,nȭŗkõz,ˈnɯːrʲkəz,ˈnoʃkoz,5
karelian,livonian,kutsõ,ˈkutsə,ˈkutsː,1
karelian,livonian,i’m,ˈiˀm,ˈi̯m,1
karelian,livonian,katkõ,ˈkɑtkə,ˈkɑtko,1
karelian,livonian,kǭr,ˈkɒːr,ˈkor,2
karelian,livonian,prūš,ˈpruːʃ,ˈprʃ,2
karelian,livonian,kõvīst,ˈkɯviːst,ˈkoʋstʲ,5
karelian,livonian,kī,ˈkiː,ˈko,2
karelian,livonian,ma’g,ˈmɑˀɡ,ˈmɑrɡ,1
karelian,livonian,vigāli,ˈviɡɑːli,ˈʋiɡolʲi,4
karelian,livonian,ä’bõigi,ˈæˀbˌɯiɡi,ˈæ̯biːɡi,4
karelian,livonian,algõm,ˈɑlɡəm,ˈɑlɡom,1
karelian,livonian,vȯdā,ˈvɤdɑː,ˈʋod̯,4
karelian,livonian,alāb,ˈɑlɑːb,ˈɑlʲb,2
karelian,livonian,eļkõ,ˈeʎkə,ˈekː,2
karelian,livonian,vaksā,ˈvɑksɑː,ˈʋɑkso,3
karelian,livonian,rumāņmǭ,ˈrumɑːɲˌmɒː,ˈrumːom,5
karelian,livonian,vī’gõz,ˈviːˀɡəz,ˈʋoɡːz,5
karelian,livonian,a’igi,ˈɑˀiɡi,ˈɑriɡi,1
karelian,livonian,ke’ž,ˈkeˀʒ,ˈkeʃʒ,1
karelian,livonian,vest,ˈvest,ˈʋestʲ,2
karelian,livonian,tīlka,ˈtiːlkɑ,ˈtʲlkɑ,2
karelian,livonian,lūotõ,ˈluːotə,ˈlooto,3
karelian,livonian,kaitsõ,ˈkɑitsə,ˈkɑi̯tso,2
karelian,livonian,nominatīv,ˈnominɑtiːv,ˈnomiˌnɑtʲʋ,4
karelian,livonian,kidūd,ˈkiduːd,ˈkidʲd,2
karelian,livonian,kūoiba,ˈkuːoibɑ,ˈkoo̯ibɑ,3
karelian,livonian,vizā,ˈvizɑː,ˈʋizʲ,3
karelian,livonian,me’ž,ˈmeˀʒ,ˈmeːʒ,1
karelian,livonian,raigā,ˈrɑiɡɑː,ˈrɑi̯ɡo,3
karelian,livonian,elektrīb,ˈelektriːb,ˈelʲektreb,3
karelian,livonian,inesīv,ˈinesiːv,ˈinʲesʲʋ,4
karelian,livonian,rīst,ˈriːst,ˈrsst,2
karelian,livonian,mūlda,ˈmuːldɑ,ˈmlldɑ,2
karelian,livonian,lāipa,ˈlɑːipɑ,ˈlʲiːpɑ,3
karelian,livonian,pa’llõ,ˈpɑˀlːə,ˈpɑl̯lː,3
karelian,livonian,kast,ˈkɑst,ˈkɑstʲ,1
karelian,livonian,õ’bdõ,ˈɯˀbdə,ˈʋbbd,3
karelian,livonian,vȯ’ddõrz,ˈvɤˀdːərz,ˈʋoddorz,5
karelian,livonian,so’vtõ,ˈsoˀvtə,ˈsoʋʋt,3
karelian,livonian,juo,ˈjuo,ˈjuo̯,1
karelian,livonian,engõl,ˈenɡəl,ˈeŋɡol,2
karelian,livonian,sīli,ˈsiːli,ˈsʲli,2
karelian,livonian,põzāg,ˈpɯzɑːɡ,ˈpozɡɡ,3
karelian,livonian,pǭŗkimdõ,ˈpɒːrʲˌkimdə,ˈpokiˌmd,7
karelian,livonian,vēļa,ˈveːʎɑ,ˈʋorɑ,4
karelian,livonian,kǭ’dõkskimdõz,ˈkɒːˀdəksˌkimdəz,ˈkod͡kːˌkimd,7
karelian,livonian,nõtkõm,ˈnɯtkəm,ˈnʲtkːm,2
karelian,livonian,vȯjā,ˈvɤjɑː,ˈʋoj,4
karelian,livonian,loutš,ˈlout͡ʃ,ˈlou̯tʃʃ,2
karelian,livonian,nai,ˈnɑi,ˈnɑi̯,1
karelian,livonian,kuolmsadāz,ˈkuolmˌsɑdɑːz,ˈkuo̯lmɑdʲy,6
karelian,livonian,kinā,ˈkinɑː,ˈkinʲ,2
karelian,livonian,kõ’r,ˈkɯˀr,ˈkorr,2
karelian,livonian,kerīkšõ,ˈkeriːkʃə,ˈkerʃkʃ,3
karelian,livonian,pūoļ,ˈpuːoʎ,ˈpoo̯,3
karelian,livonian,ǭik,ˈɒːik,ˈʋik,2
karelian,livonian,seis,ˈseis,ˈsʲei̯s,2
karelian,livonian,nä’g,ˈnæˀɡ,ˈnʲæ̯ɡ,2
karelian,livonian,kēratē’ḑ,ˈkeːrɑˌteːˀɟ,ˈkorɑtoʃ,7
karelian,livonian,vaim,ˈvɑim,ˈʋɑi̯m,2
karelian,livonian,goŗīkšõ,ˈɡorʲiːkʃə,ˈɡoʃ̯ʃː,6
karelian,livonian,tsībõrmǭ,ˈtsiːbərˌmɒː,ˈtsʲbbrm,6
karelian,livonian,kuolmtuoistõn,ˈkuolmˌtuoistən,ˈkuo̯lmˌuˌoi̯sto,6
karelian,livonian,pū’stõ,ˈpuːˀstə,ˈposʲto,5
karelian,livonian,tijāld,ˈtijɑːld,ˈtʲijold,3
karelian,livonian,ī’dõkstuoistõn,ˈiːˀdəksˌtuoistən,ˈoddksˌtuo̯sto,7
karelian,livonian,sa’m,ˈsɑˀm,ˈsɑʋm,1
karelian,livonian,kōgaz,ˈkoːɡɑz,ˈkoɡɑz,1
karelian,livonian,vīļa,ˈviːʎɑ,ˈʋorɑ,4
karelian,livonian,mu’r,ˈmuˀr,ˈmuːr,1
karelian,livonian,kǭ’dõkskimdõ,ˈkɒːˀdəksˌkimdə,ˈkod͡kːˌkimd,6
karelian,livonian,vȭlga,ˈvɯːlɡɑ,ˈʋolɡɑ,3
karelian,livonian,pūom,ˈpuːom,ˈpoo̯,3
karelian,livonian,jǭņpǟva,ˈjɒːɲˌpæːvɑ,ˈjopːʋɑ,6
karelian,livonian,si’ņņi,ˈsiˀɲːi,ˈsʲi̯ʋoi̯,5
karelian,livonian,būolgõz,ˈbuːolɡəz,ˈboo̯ɡoz,4
karelian,livonian,le’žgli,ˈleˀʒɡli,ˈlʲeʃʒɡlʲi,3
karelian,livonian,nūoŗkazām,ˈnuːorʲˌkɑzɑːm,ˈnoo̯kɑzʲː,7
karelian,livonian,ǟnda,ˈæːndɑ,ˈʋndɑ,2
karelian,livonian,kīņḑõlpǟva,ˈkiːɲɟəlˌpæːvɑ,ˈkoroˌlpːɑ,8
karelian,livonian,tōgõz,ˈtɒːɡəz,ˈtoɡz,3
karelian,ingrian,pariskunta,ˈpɑrisˌkuntɑ,ˈpɑriˌskuntɑ,2
karelian,ingrian,jäärävä,ˈjæːræʋæ,ˈjææ̯ræʋæ,2
karelian,ingrian,hätämöry,ˈhætæˌmøry,ˈhætʲæøry,3
karelian,ingrian,kaglarätti,ˈkɑɡlɑˌrætːi,ˈkɑɡlɑˌrætʲːi,1
karelian,ingrian,protivogaza,ˈprotiʋoɡɑzɑ,ˈprotʲiʋoɡɑzɑ,1
karelian,ingrian,myssy,ˈmysːy,ˈmysʲːy,1
karelian,ingrian,kärhiäin,ˈkærijæi̯ne,ˈkærhiæ̯i̯n,4
karelian,ingrian,sinisorokka,ˈsiniˌsorokːɑ,ˈsʲinʲisˌorokːɑ,4
karelian,ingrian,toore,ˈtoːre,ˈtoore,1
karelian,ingrian,lumimees,ˈlumiˌmeːs,ˈlumimmes,2
karelian,ingrian,syänkuu,ˈsyænˌkuː,ˈsʲyæ̯nkuː,3
karelian,ingrian,oleksa,ˈoleksɑ,ˈolʲesːɑ,3
karelian,ingrian,jälelle,ˈjælelːe,ˈjælʲelʲːe,2
karelian,ingrian,polvest polvee,ˈpolʋestɑ ˈpolʋeː,ˈpolʋestoˌpolee,5
karelian,ingrian,takajalka,ˈtɑkɑˌjɑlkɑ,ˈtɑkɑjɑlkɑ,1
karelian,ingrian,furskata,ˈfurskɑtɑ,ˈfurskːɑtɑ,1
karelian,ingrian,rooho,ˈroːho,ˈroo̯o,2
karelian,ingrian,timo,ˈtimo,ˈtʲimo,1
karelian,ingrian,ruttiissa,ˈrutːiːsːɑ,ˈrutʲːis̯sːɑ,3
karelian,ingrian,veeraisse,ˈʋeːrɑi̯sːe,ˈʋee̯rɑi̯sʲe,3
karelian,ingrian,pääliin,ˈpæːline,ˈpææ̯lʲiːn,5
karelian,ingrian,hoikkain,ˈhoi̯kːɑi̯ne,ˈhoi̯kːin,3
karelian,ingrian,tikuttaa,ˈtikutːɑː,ˈtʲikutːɑ,2
karelian,ingrian,hävviimiin,ˈhæʋiːmine,ˈhæʋʋiˌmii̯n,5
karelian,ingrian,kusimuurahain,ˈkusiˌmuːrɑhɑi̯ne,ˈkusʲiˌmurɑˌhɑi̯nʲi,5
karelian,ingrian,ymmärtää,ˈymːærtæː,ˈymːærrtæ,2
karelian,ingrian,hakkiissa,ˈhɑkːiːsːɑ,ˈhɑkːiisːɑ,1
karelian,ingrian,usko,ˈusko,ˈuskː,1
karelian,ingrian,leninskoi,ˈleninskoi̯,ˈlʲenʲinʲːo,6
karelian,ingrian,arvoittaa,ˈɑrʋoi̯tːɑː,ˈɑrʋoi̯tːɑ,1
karelian,ingrian,antakaa,ˈɑntɑkɑː,ˈɑntɑkɑɑ,1
karelian,ingrian,läkkämyskeeli,ˈlækːæmysˌkeːli,ˈlʲækːæˌsʲee̯lʲi,7
karelian,ingrian,pihtelet,ˈpihtelet,ˈpihtʲelet,1
karelian,ingrian,komandoittaa,ˈkomɑndoi̯tːɑː,ˈkomɑndoitɑɑ,3
karelian,ingrian,leski,ˈleski,ˈlʲeski,1
karelian,ingrian,kagrakeko,ˈkɑɡrɑˌkeko,ˈkɑɡrɑˌkekːo,1
karelian,ingrian,valjastaa,ˈʋɑljɑstɑː,ˈʋɑljɑstɑɑ,1
karelian,ingrian,käskiä,ˈkæskiæ,ˈkæsʲkiæ̯,2
karelian,ingrian,poukkulahantka,ˈpou̯kːuˌlɑhɑntkɑ,ˈpoukːuˌlɑhɑkːɑ,4
karelian,ingrian,riijellä,ˈriːjelːæ,ˈriːjelʲːæ,1
karelian,ingrian,ennää,ˈenæː,ˈenːææ,2
karelian,ingrian,musseta,ˈmusːetɑ,ˈmusʲːetɑ,1
karelian,ingrian,lankiivatauti,ˈlɑŋkiːʋɑˌtɑu̯ti,ˈlɑŋkiˌʋɑtuːi,5
karelian,ingrian,revolutsia,ˈreʋolut͡siɑ,ˈreʋoˌlutʲi,4
karelian,ingrian,marjakärkkä,ˈmɑrjɑˌkærkːæ,ˈmɑrjɑˌkærkæ,1
karelian,ingrian,lapselle,ˈlɑpselːe,ˈlɑpsʲelʲe,2
karelian,ingrian,poloin,ˈpoloi̯ne,ˈpoloi̯n,1
karelian,ingrian,paljma,ˈpɑlʲmɑ,ˈpɑljmɑ,1
karelian,ingrian,taanolliin,ˈtɑːnolːine,ˈtɑɑnoˌlʲːiːn,5
karelian,ingrian,härkävasikka,ˈhærkæˌʋɑsikːɑ,ˈhærkæˌʋɑsʲikːɑ,1
karelian,ingrian,bälättää,ˈbælætːæː,ˈbælʲætʲːæ,3
karelian,ingrian,vihain,ˈʋihɑi̯ne,ˈʋihɑi̯n,1
karelian,ingrian,kirahuttaa,ˈkirɑhutːɑː,ˈkirɑˌhutːɑ,2
karelian,ingrian,hullust,ˈhulːustɑ,ˈhulːust,1
karelian,ingrian,braakkia,ˈbrɑːkːiɑ,ˈbrɑɑkːiɑ̯,2
karelian,ingrian,laappa,ˈlɑːpːɑ,ˈlɑɑpːɑ,1
karelian,ingrian,jäälontti,ˈjæːˌlontːi,ˈjææ̯lonʲtʲtʲi,6
karelian,ingrian,arvaavalliin,ˈɑrʋɑːʋɑlːine,ˈɑrʋɑɑˌʋɑlʲːii̯nʲi,7
karelian,ingrian,peenkari,ˈpeːŋkɑri,ˈpeeŋkɑri,1
karelian,ingrian,voimakkaamp,ˈʋoi̯mɑkːɑːmpi,ˈʋoi̯mɑkːɑɑ̯,4
karelian,ingrian,hävviissä,ˈhæʋiːsːæ,ˈhæʋʋiˌsʲːæ,3
karelian,ingrian,meekka,ˈmeːkːɑ,ˈmeekːɑ,1
karelian,ingrian,hietöin,ˈhietøi̯n,ˈhie̯tʲin,3
karelian,ingrian,mankua,ˈmɑŋkuɑ,ˈmɑnkuɑ̯,2
karelian,ingrian,elohoone,ˈeloˌhoːne,ˈeloˌhonʲe,2
karelian,ingrian,ahkerast,ˈɑhkerɑstɑ,ˈɑhkerɑst,1
karelian,ingrian,cikertää,ˈt͡ʃikertæː,ˈiikertʲæ,5
karelian,ingrian,ansa,ˈɑnsɑ,ˈɑnːɑ,1
karelian,ingrian,muti,ˈmuti,ˈmutʲi,1
karelian,ingrian,pahalain,ˈpɑhɑlɑi̯ne,ˈpɑhɑlɑi̯n,1
karelian,ingrian,mäsnikkä,ˈmæsnikːæ,ˈmæsʲːikːæ,2
karelian,ingrian,elektricestva,ˈelek.trit͡ʃestʋɑ,ˈelʲeˌtrie̯sʲtɑ,9
karelian,ingrian,lavvattaa,ˈlɑʋːɑtːɑː,ˈlɑʋʋɑtːɑ,2
karelian,ingrian,saadu,ˈsɑːdu,ˈsɑɑ̯u,2
karelian,ingrian,varreel,ˈʋɑrːelːɑ,ˈʋɑrree̯l,4
karelian,ingrian,mikälee,ˈmikæleː,ˈmikæˌlʲe,3
karelian,ingrian,paimenpoika,ˈpɑi̯menˌpoi̯kɑ,ˈpɑi̯menpoi̯kːɑ,2
karelian,ingrian,sinne,ˈsinːe,ˈsʲinʲe,2
karelian,ingrian,tammikontu,ˈtɑmːiˌkontu,ˈtamːiˌkontu,1
karelian,ingrian,inho,ˈino,ˈinho,1
karelian,ingrian,pääsiänpaasto,ˈpæːsiænˌpɑːsto,ˈpææ̯sʲiæ̯n ɑu̯to,8
karelian,ingrian,jumalanlehmä,ˈjumɑlɑnˌlehmæ,ˈjumɑˌlɑnʲehmæ,3
karelian,ingrian,vanhentaa,ˈʋɑnentɑː,ˈʋɑnhentɑ,2
karelian,ingrian,piikkaa,ˈpiːkːɑː,ˈpiːkːɑ,1
karelian,ingrian,sovetti,ˈsoʋetːi,ˈsoʋetʲːi,1
karelian,ingrian,jalka jalalt,ˈjɑlkɑ ˈjɑlɑltɑ,ˈjɑlkɑjɑjɑlɑ,4
karelian,ingrian,oppilaps,ˈopːiˌlɑps,ˈopːilɑpː,2
karelian,ingrian,tulla rautahampaal,ˈtulːɑ ˈrɑu̯tɑˌhɑmpɑːlːɑ,ˈtulˈɑˌrɑu̯ˌhɑu̯lɑ,10
karelian,ingrian,kakspohjain,ˈkɑksˌpohjɑi̯ne,ˈkɑkspoˌhɑi̯n,4
karelian,ingrian,frantsia,ˈfrɑnt͡siɑ,ˈfrɑntʲːi,3
karelian,ingrian,pocivoittaa,ˈpot͡ʃiʋoi̯tːɑː,ˈpoi̯ʋoi̯tːɑ,5
karelian,ingrian,etelätuuli,ˈetelæˌtuːli,ˈetʲelʲætˌuu̯lʲi,6
karelian,ingrian,ööeitsi,ˈøːˌei̯t͡si,ˈøøe̯itʲːi,6
karelian,ingrian,veräjäpuu,ˈʋeræjæˌpuː,ˈʋeræˌjæˌpuː,1
karelian,ingrian,siivotta,ˈsiːʋotːɑ,ˈsʲiːʋotːɑ,1
karelian,ingrian,mutkitella,ˈmutkitelːɑ,ˈmutkitʲelːɑ,1
karelian,ingrian,vehnä,ˈʋehnæ,ˈʋehnʲæ,1
karelian,ingrian,rapsutella,ˈrɑpsutelːɑ,ˈrɑpsuˌtʲelːɑ,2
karelian,ingrian,leipämaa,ˈlei̯pæˌmɑː,ˈlʲei̯pæmɑ,3
karelian,ingrian,yhtein,ˈyhtei̯ne,ˈyhtʲin,3
karelian,ingrian,suukas,ˈsu.ukɑs,ˈsuːkɑs,2
karelian,ingrian,vettää,ˈʋetæː,ˈʋetʲːæ,2
karelian,ingrian,keerovakka,ˈkeːroˌʋɑkːɑ,ˈkee̯oˌʋɑkːɑ,2
karelian,ingrian,ekskavatora,ˈekskɑʋɑtorɑ,ˈekskɑˌʋɑtrɑ,2
karelian,ingrian,jyrytellä,ˈjyrytelːæ,ˈjyryˌtʲelʲːæ,3
karelian,ingrian,oljga,ˈolʲɡɑ,ˈoljɡɑ,1
karelian,ingrian,inhimiin,ˈinimine,ˈinhimii̯n,4
karelian,ingrian,meelövä,ˈmeːløʋæ,ˈmee̯lʲʋæ,3
karelian,ingrian,jumaliin,ˈjumɑliːn,ˈjumɑˌlʲiːn,2
karelian,ingrian,strastnoi päätetsä,ˈstrɑstnoi̯ ˈpæːtet͡sæ,ˈstʲrɑˌstʲoi̯sʲtʲæ,12
karelian,ingrian,rattaat,ˈrɑtːɑːt,ˈrɑtːɑt,1
karelian,ingrian,partti,ˈpɑrtːi,ˈpɑrtʲːi,1
karelian,ingrian,kalastaa,ˈkɑlɑstɑː,ˈkɑlɑstɑɑ,1
karelian,ingrian,kyli,ˈkyli,ˈkylʲi,1
karelian,ingrian,alfavitta,ˈɑlfɑʋitːɑ,ˈɑlɑˌʋitːɑ,2
karelian,ingrian,aamuiseel,ˈɑːmui̯selːɑ,ˈɑɑmui̯sʲee̯l,5
karelian,ingrian,hätähyä,ˈhætæhyæ,ˈhætʲæhyæ,1
karelian,ingrian,maailman,ˈmɑːˌilmɑn,ˈmɑɑ̯ˌlmɑn,3
karelian,ingrian,kivistaa,ˈkiʋistɑː,ˈkiʋistɑɑ,1
karelian,ingrian,kammitsa,ˈkɑmːit͡sɑ,ˈkamːitːɑ,3
karelian,ingrian,päätetsä,ˈpæːtet͡sæ,ˈpææ̯tʲesʲæ,6
karelian,ingrian,toittoaine,ˈtoi̯tːoˌɑi̯ne,ˈtoi̯tːoi̯nʲe,3
karelian,ingrian,vitsain,ˈʋit͡sɑi̯ne,ˈʋitːɑi̯n,3
karelian,ingrian,kohvimylly,ˈkohʋimylːy,ˈkohʋimylʲy,1
karelian,ingrian,bortsa,ˈbort͡sɑ,ˈbortːɑ,2
karelian,ingrian,käyttäjä,ˈkæy̯tːæjæ,ˈkæy̯tʲːæ,3
karelian,ingrian,ukonlooto,ˈukonˌloːto,ˈukonlooto,2
karelian,ingrian,utjuga,ˈutʲuɡɑ,ˈutjuɡɑ,1
karelian,ingrian,kyynel,ˈkyːnel,ˈkyːnʲel,1
karelian,ingrian,kääntiellä,ˈkæːnti.elːæ,ˈkææ̯nʲtʲie̯lʲːæ,7
karelian,ingrian,ässä,ˈæsːæ,ˈæsʲːæ,1
karelian,ingrian,keelto,ˈkeːlto,ˈkeelto,1
karelian,ingrian,pään,ˈpæːn,ˈpææ̯n,2
karelian,ingrian,udarnikka,ˈudɑrnikːɑ,ˈudɑ̯rnʲikːɑ,2
karelian,ingrian,toohi,ˈtoːhi,ˈtoohi,1
karelian,ingrian,noori,ˈnoːri,ˈnoori,1
karelian,ingrian,pionera,ˈpionerɑ,ˈpio̯nʲrɑ,2
karelian,ingrian,perätöin,ˈperætøi̯n,ˈperætʲːin,3
karelian,ingrian,tabakerkka,ˈtɑbɑkerkːɑ,ˈtɑbɑˌkerkːɑ,1
karelian,ingrian,kullisika,ˈkulːiˌsikɑ,ˈkulʲːisʲikːɑ,4
karelian,ingrian,iskiä,ˈiskiæ,ˈisʲkiæ̯,2
karelian,ingrian,iänikäin,ˈiænˌikæi̯ne,ˈiæ̯nʲikæin,4
karelian,ingrian,ylpiä,ˈylpiæ,ˈylʲpiæ̯,2
karelian,ingrian,kututella,ˈkutuˌtelːɑ,ˈkututʲelːɑ,2
karelian,ingrian,jyllätä,ˈjylːætæ,ˈjylʲːætʲæ,2
karelian,ingrian,pessiissä,ˈpesːiːsːæ,ˈpesʲːiˌsʲːæ,3
karelian,ingrian,bankivakana,ˈbɑŋkiʋɑˌkɑnɑ,ˈbɑŋkiˌʋɑknɑ,3
karelian,ingrian,rantasaraja,ˈrɑntɑˌsɑrɑjɑ,ˈrɑntɑˌsɑrjɑ,1
karelian,ingrian,ohahtaa,ˈohɑhtɑː,ˈohɑhtɑɑ,1
karelian,ingrian,seppo,ˈsepːo,ˈsʲepːo,1
karelian,ingrian,kloksuttaa,ˈkloksutːɑː,ˈkloksuutɑɑ̯,3
karelian,ingrian,muskula,ˈmuskulɑ,ˈmuskːulɑ,1
karelian,ingrian,kommia,ˈkomiɑ,ˈkomːiɑ̯,2
karelian,ingrian,hyvvää iltaa,ˈhyʋæː ˈiltɑː,ˈhyʋʋæ̯ˌlʲitɑ,7
karelian,ingrian,viuhkaa,ˈʋiu̯hkɑː,ˈʋiu̯hkɑɑ,1
karelian,ingrian,kysellä,ˈkyselːæ,ˈkysʲelʲːæ,2
karelian,ingrian,laulaa,ˈlɑu̯lɑː,ˈlɑu̯lɑɑ,1
karelian,ingrian,kuivahtaa,ˈkui̯ʋɑhtɑː,ˈkui̯ʋɑhtɑ,1
karelian,ingrian,kynsvars,ˈkynsiˌʋɑrsi,ˈkynʲːʋrs,5
karelian,ingrian,krokodila,ˈkrokodilɑ,ˈkrokodʲilɑ,1
karelian,ingrian,kukkalatva,ˈkukːɑˌlɑtʋɑ,ˈkukːɑlɑtɑ,2
karelian,ingrian,koivumetsä,ˈkoi̯ʋuˌmet͡sæ,ˈkoi̯ʋumetʲːæ,3
karelian,ingrian,kirkkoaika,ˈkirkːoˌɑi̯kɑ,ˈkirkːoɑ̯kːɑ,3
karelian,ingrian,vinguttaa,ˈʋiŋɡutːɑː,ˈʋiŋɡutːɑ,1
karelian,ingrian,sitta,ˈsitːɑ,ˈsʲitːɑ,1
karelian,ingrian,nyttä,ˈnytːæ,ˈnʲytʲːæ,2
karelian,ingrian,hää,ˈhæː,ˈhææ̯,2
karelian,ingrian,partia,ˈpɑrtiɑ,ˈpɑrtʲiɑ̯,2
karelian,ingrian,karsia,ˈkɑrsiɑ,ˈkɑrsʲiɑ̯,2
karelian,ingrian,soettaa,ˈsoetːɑː,ˈsoetːɑ,1
karelian,ingrian,hyväntapain,ˈhyʋænˌtɑpɑi̯ne,ˈhyʋæntɑˌpɑi̯n,3
karelian,ingrian,jyrissä,ˈjyrisːæ,ˈjyriisʲːæ,2
karelian,ingrian,ämmäin,ˈæmːæi̯ne,ˈæmːæi̯n,1
karelian,ingrian,kärsä,ˈkærsæ,ˈkærsʲæ,1
karelian,ingrian,puuitikka,ˈpuːˌitikːɑ,ˈpuːiˌtʲikːɑ,3
karelian,ingrian,taimilava,ˈtɑi̯miˌlɑʋɑ,ˈtai̯milɑʋɑ,2
karelian,ingrian,laatka,ˈlɑːtkɑ,ˈlɑɑ̯kɑ,2
karelian,ingrian,maamunapumppu,ˈmɑːˌmunɑˌpumpːu,ˈmɑɑ̯ˌunɑˌpuːpu,5
karelian,ingrian,tuntaa,ˈtuntɑː,ˈtuntɑɑ,1
karelian,ingrian,kirkassuttaa,ˈkirkɑsːutːɑː,ˈkirkɑsˌsutɑɑ̯,4
karelian,ingrian,revontulet,ˈreʋonˌtulet,ˈreʋontuˌlʲet,3
karelian,ingrian,yliotsa,ˈyliˌot͡sɑ,ˈylʲio̯sːɑ,5
karelian,ingrian,rovnoist,ˈroʋnoi̯stɑ,ˈroʋnoi̯st,1
karelian,ingrian,lankapaita,ˈlɑŋkɑˌpɑi̯tɑ,ˈlɑnkɑˌpɑi̯tɑ,1
karelian,ingrian,romaškacaaju,ˈromɑʃkɑˌt͡ʃɑːju,ˈromɑʃˌkɑˌ̯ɑjɑ,6
karelian,ingrian,ityjauha,ˈityˌjɑu̯hɑ,ˈitʲyjɑu̯hɑ,2
karelian,ingrian,röllölä,ˈrølːølæ,ˈrølʲːølʲæ,2
karelian,ingrian,kiistaamiin,ˈkiːstɑːmine,ˈkiːstɑˌmii̯n,4
karelian,ingrian,toomipuu,ˈtoːmiˌpuː,ˈtoomiˌpuː,1
karelian,ingrian,maakangas,ˈmɑːˌkɑŋɡɑs,ˈmɑɑˌkɑŋɡɑ,2
karelian,ingrian,maatöö,ˈmɑːˌtøː,ˈmɑɑ̯øø,4
karelian,ingrian,greecina,ˈɡreːt͡ʃinɑ,ˈɡree̯ˌinɑ,4
karelian,ingrian,lintu,ˈlintu,ˈlʲintu,1
karelian,ingrian,nakareikä,ˈnɑkɑˌrei̯kæ,ˈnɑkɑreei̯kæ,2
karelian,ingrian,marjamerta,ˈmɑrjɑˌmertɑ,ˈmɑrjɑmertɑ,1
karelian,ingrian,kotisorsa,ˈkotiˌsorsɑ,ˈkotisoorsɑ,2
karelian,ingrian,putešestvenikka,ˈputeʃestʋenikːɑ,ˈputeʃeˌsʲtʲenʲikːɑ,4
karelian,ingrian,puhaskirjutos,ˈpuhɑsˌkirjutos,ˈpuhɑˌskiˌkuːto,6
karelian,ingrian,voonain,ˈʋoːnɑi̯ne,ˈʋoonɑi̯n,2
karelian,ingrian,päänikka,ˈpæːnikːɑ,ˈpææ̯nʲikːɑ,3
karelian,ingrian,kroolikka,ˈkroːlikːɑ,ˈkroolʲikːɑ,2
karelian,ingrian,ruiskuilas,ˈru.isˌkui̯lɑs,ˈrui̯skui̯lɑ,4
karelian,ingrian,syrjysammal,ˈsyrjyˌsɑmːɑl,ˈsʲyrjyˌsɑmɑ,3
karelian,ingrian,karttaa,ˈkɑrtːɑː,ˈkɑrtːɑ,1
karelian,ingrian,maapaikka,ˈmɑːˌpɑi̯kːɑ,ˈmɑɑpɑi̯kːɑ,2
karelian,ingrian,akanpala,ˈɑkɑnˌpɑlɑ,ˈɑkɑnpɑlɑ,1
karelian,ingrian,neljältää,ˈneljæltæː,ˈnʲelʲjætʲæ,5
karelian,ingrian,havumetsä,ˈhɑʋuˌmet͡sæ,ˈhɑʋumetʲːæ,3
karelian,ingrian,pillatöö,ˈpilːɑˌtøː,ˈpilːɑtʲːø,3
karelian,ingrian,raputella,ˈrɑpuˌtelːɑ,ˈrɑputeelːɑ,2
karelian,ingrian,ripsu,ˈripsu,ˈripːu,1
karelian,ingrian,inkeri,ˈiŋkeri,ˈinkeri,1
karelian,ingrian,töö,ˈtøː,ˈtøøø,2
karelian,ingrian,voipata,ˈʋoi̯ˌpɑtɑ,ˈʋoi̯pɑtɑ,1
karelian,ingrian,ehtiissä,ˈehtiːsːæ,ˈehtʲisʲːæ,3
karelian,ingrian,prullistaa,ˈprulːistɑː,ˈprulʲːisʲtɑ,3
karelian,ingrian,taukeemiin,ˈtɑu̯keːmine,ˈtɑu̯keemii̯n,4
karelian,ingrian,martti,ˈmɑrtːi,ˈmɑrtʲːi,1
karelian,ingrian,kirjamees,ˈkirjɑˌmeːs,ˈkirjɑmee,3
karelian,ingrian,karsina,ˈkɑrsinɑ,ˈkɑrsʲinɑ,1
karelian,ingrian,jauhokivi,ˈjɑu̯hoˌkiʋi,ˈjɑu̯hokːi,3
karelian,ingrian,hätäapi,ˈhætæˌɑpi,ˈhætʲæɑ̯,4
karelian,ingrian,vesilätikkä,ˈʋesiˌlætikːæ,ˈʋesʲiˌlʲætʲikːæ,3
karelian,ingrian,seissa,ˈsei̯sːɑ,ˈsʲei̯sːɑ,1
karelian,ingrian,puistaa,ˈpui̯stɑː,ˈpui̯stɑɑ,1
karelian,ingrian,umpimaho,ˈumpiˌmɑho,ˈumpimmɑ,3
karelian,ingrian,prostina,ˈprostinɑ,ˈprosʲtʲinɑ,2
karelian,ingrian,bläädi,ˈblæːdi,ˈblʲææ̯ʲi,4
karelian,ingrian,piirakoille,ˈpiːrɑkoi̯lːe,ˈpiːrɑˌkoi̯lʲe,2
karelian,ingrian,vari,ˈʋɑri,ˈʋɑrʲi,1
karelian,ingrian,estäjä,ˈestæjæ,ˈesʲtæjæ,1
karelian,ingrian,sikäläin,ˈsikælæi̯ne,ˈsʲikæˌlʲæi̯n,4
karelian,ingrian,tavalliin,ˈtɑʋɑlːine,ˈtɑʋɑˌlʲːiːn,4
karelian,ingrian,niitto,ˈniːtːo,ˈnʲiːtːo,1
karelian,ingrian,ratasmaasteri,ˈrɑtɑsˌmɑːsteri,ˈrɑtɑˌmɑˌtʲɑe̯ri,6
karelian,ingrian,ahtaa söövvä,ˈɑhtɑː ˈsøːʋːæ,ˈɑhtɑɑ̯sʲøʋæ,6
karelian,ingrian,rätsinä,ˈræt͡sinæ,ˈrætʲːinʲæ,3
karelian,ingrian,osnovnoi,ˈosnoʋnoi̯,ˈosːoʋnoi,2
karelian,ingrian,lusikalliin,ˈlusikɑlːine,ˈlusʲiˌkɑlʲːii̯nʲi,7
karelian,ingrian,saekas,ˈsɑekɑs,ˈsɑe̯ɑs,1
karelian,ingrian,koiranuni,ˈkoi̯rɑnˌuni,ˈkoi̯rɑnˌnʲi,2
karelian,ingrian,takujalka,ˈtɑkuˌjɑlkɑ,ˈtɑkujɑlkɑ,1
karelian,ingrian,lanttupiirakka,ˈlɑntːuˌpiːrɑkːɑ,ˈlɑnttuˌpiːrkɑ,3
karelian,ingrian,tovvi,ˈtoʋːi,ˈtoʋʋi,1
karelian,ingrian,särkiissä,ˈsærkiːsːæ,ˈsærkiˌisʲæ,3
karelian,ingrian,talkokset,ˈtɑlkokset,ˈtɑlkoˌkset,1
karelian,ingrian,mööhä,ˈmøːhæ,ˈmøø̯æ,2
karelian,ingrian,taittaa,ˈtɑi̯tːɑː,ˈtɑi̯tːɑ,1
karelian,ingrian,törkkiä,ˈtørkːiæ,ˈtʲrrkiæ̯,4
karelian,ingrian,hepoin,ˈhepoi̯ne,ˈhepoi̯n,1
karelian,ingrian,vaskiraha,ˈʋɑskiˌrɑhɑ,ˈʋɑskirɑhɑ,1
karelian,ingrian,matkalain,ˈmɑtkɑlɑi̯ne,ˈmɑtkɑlɑi̯n,1
karelian,ingrian,veerättää,ˈʋeːrætːæː,ˈʋee̯ˌætʲææ̯,6
karelian,ingrian,kukkaaika,ˈkukːɑˌɑi̯kɑ,ˈkukːɑɑ̯kːɑ,3
karelian,ingrian,vähentyä,ˈʋæhentyæ,ˈʋæhenʲtʲyæ̯,3
karelian,ingrian,taano,ˈtɑːno,ˈtɑɑno,1
karelian,ingrian,jälest,ˈjælestæ,ˈjælʲest,2
karelian,ingrian,määrätä,ˈmæːrætæ,ˈmææ̯rætʲæ,3
karelian,ingrian,hiljain,ˈhiljɑi̯ne,ˈhiljɑi̯n,1
karelian,ingrian,latinalain,ˈlɑtinɑˌlɑi̯ne,ˈlɑtʲinɑˌlɑi̯n,2
karelian,ingrian,gruušapuu,ˈɡruːʃɑˌpuː,ˈɡruːʃʃˌpuː,1
karelian,ingrian,tedro,ˈtedro,ˈtʲedro,1
karelian,ingrian,rasseli,ˈrɑsːeli,ˈrɑsʲːelʲi,2
karelian,ingrian,tammisikko,ˈtɑmːisikːo,ˈtamːisʲikːo,2
karelian,ingrian,ussia,ˈusiɑ,ˈusʲːiɑ̯,3
karelian,ingrian,kaivaa,ˈkɑi̯ʋɑː,ˈkɑi̯ʋɑɑ,1
karelian,ingrian,esimerkilliin,ˈesiˌmerkilːine,ˈesʲimeˌkilʲːinʲi,6
karelian,ingrian,tikka,ˈtikːɑ,ˈtʲikːɑ,1
karelian,ingrian,oennella,ˈoenːelːɑ,ˈoenʲːelːɑ,1
karelian,ingrian,illaal,ˈilːɑlːɑ,ˈilːɑɑ̯l,3
karelian,ingrian,issukkivooro,ˈisːukːiˌʋoːro,ˈisʲːukːio̯ro,4
karelian,ingrian,toimitussana,ˈtoi̯mitusˌsɑnɑ,ˈtoi̯miˌtusːɑnɑ,3
karelian,ingrian,tere iltaa,ˈtere ˈiltɑː,ˈtʲeretʲiltɑ,4
karelian,ingrian,izdateljstva,ˈizdɑtelʲstʋɑ,ˈizdɑɑˌtʲesʲtɑ,6
karelian,ingrian,siiru,ˈsiːru,ˈsʲiːru,1
karelian,ingrian,paasto,ˈpɑːsto,ˈpɑɑ̯tːo,3
karelian,ingrian,eroittaa,ˈeroi̯tːɑː,ˈeroi̯tːɑ,1
karelian,ingrian,mukain,ˈmukɑi̯ne,ˈmukɑi̯n,1
karelian,ingrian,hohlamees,ˈhohlɑˌmeːs,ˈhohlɑmes,2
karelian,ingrian,panna lämpimää,ˈpɑnːɑ ˈlæmpimæː,ˈpɑnːɑˌlʲæˌpiæ̯ææ,7
karelian,ingrian,lehmä,ˈlehmæ,ˈlʲehmæ,1
karelian,ingrian,poolest,ˈpoːlestɑ,ˈpolʲest,3
karelian,ingrian,meiks,ˈmei̯kse,ˈmei̯ks,1
karelian,ingrian,mainita,ˈmɑi̯nitɑ,ˈmɑi̯nʲitɑ,1
karelian,ingrian,tyttörukka,ˈtytːøˌrukːɑ,ˈtʲytʲːørukːɑ,3
karelian,ingrian,esiperin,ˈesiˌperin,ˈesʲiˌperin,1
karelian,ingrian,maahaltias,ˈmɑːˌhɑltiɑs,ˈmɑɑhɑˌtʲiːɑ,6
karelian,ingrian,visata,ˈʋisɑtɑ,ˈʋisɑɑtɑ,1
karelian,ingrian,tetretti,ˈtetretːi,ˈtʲetretʲːi,2
karelian,ingrian,joršši,ˈjorʃːi,ˈjorʃʃi,1
karelian,ingrian,perämees,ˈperæˌmeːs,ˈperæˌmes,1
karelian,ingrian,kavvaks,ˈkɑʋːɑkse,ˈkɑʋʋɑks,2
karelian,ingrian,garmani,ˈɡɑrmɑni,ˈɡɑrmɑnʲi,1
karelian,ingrian,perätystee,ˈperætysteː,ˈperætˌysʲe,3
karelian,ingrian,kurttaa,ˈkurtːɑː,ˈkurtːɑ,1
karelian,ingrian,viittä,ˈʋiːtːæ,ˈʋiːtʲːæ,1
karelian,ingrian,näkkyä,ˈnækyæ,ˈnʲækːyæ̯,3
karelian,ingrian,kanappia,ˈkɑnɑpːiɑ,ˈkɑnɑpːiɑ̯,1
karelian,ingrian,pellovain,ˈpelːoʋɑi̯ne,ˈpelːoʋɑi̯n,1
karelian,ingrian,pääsiäin,ˈpæːsi.æi̯ne,ˈpææ̯sʲiæ̯n,6
karelian,ingrian,maslitsa,ˈmɑslit͡sɑ,ˈmɑsʲːitːɑ,4
karelian,ingrian,neegla,ˈneːɡlɑ,ˈnʲeeɡlɑ,2
karelian,ingrian,kisloroda,ˈkislorodɑ,ˈkisʲːorodɑ,2
karelian,ingrian,kistocka,ˈkistot͡ʃkɑ,ˈkistofkɑ,3
karelian,ingrian,alapooli,ˈɑlɑˌpoːli,ˈɑlɑpoolʲi,3
karelian,ingrian,kannikka,ˈkɑnːikːɑ,ˈkanʲːikːɑ,2
karelian,ingrian,aluttaa,ˈɑlutːɑː,ˈɑlutːɑ,1
karelian,ingrian,hiisnikka,ˈhiːsnikːɑ,ˈhiːsʲːikːɑ,2
karelian,ingrian,särkiä,ˈsærkiæ,ˈsæærkiæ̯,2
karelian,ingrian,grььža,ˈɡrɨːʒɑ,ˈɡroʒɑ,2
karelian,ingrian,veeriäin,ˈʋeːrijæi̯ne,ˈʋeeriæ̯i̯n,4
karelian,ingrian,piätös,ˈpiætøs,ˈpiæ̯tʲːs,3
karelian,ingrian,siiva,ˈsiːʋɑ,ˈsʲiːʋɑ,1
karelian,ingrian,maistua,ˈmɑi̯stuɑ,ˈmɑi̯stuɑ̯,1
karelian,ingrian,cecevitsa,ˈt͡ʃet͡ʃeʋit͡sɑ,ˈee̯eʋitːɑ,8
karelian,ingrian,pölätä,ˈpølætæ,ˈpølʲætʲæ,2
karelian,ingrian,kalanpyytö,ˈkɑlɑnˌpyːtø,ˈkɑlɑˌpyy̯tʲːø,5
karelian,ingrian,korissa,ˈkorisːɑ,ˈkorissːɑ,1
karelian,ingrian,antaa suuta,ˈɑntɑː ˈsuːtɑ,ˈɑntɑɑ̯sˌuu̯tːɑ,7
karelian,ingrian,tocka,ˈtot͡ʃkɑ,ˈtoʃkɑ,2
karelian,ingrian,hirvistää,ˈhirʋistæː,ˈhirʋisʲtʲæ,3
karelian,ingrian,onnekasta joulua!,ˈonːekɑstɑ ˈjou̯luɑ,ˈonːekɑsˌtɑjuˌluɑ̯,6
karelian,ingrian,dialekta,ˈdiɑlektɑ,ˈdʲiɑ̯lʲekːɑ,4
karelian,ingrian,jutella,ˈjutelːɑ,ˈjuteelːɑ,1
karelian,ingrian,sisar,ˈsisɑr,ˈsʲisɑr,1
karelian,ingrian,hävittää,ˈhæʋitːæː,ˈhæʋitʲːæ,2
karelian,ingrian,hyvämakuin,ˈhyʋæˌmɑkui̯ne,ˈhyʋæˌmɑˌkui̯n,2
karelian,ingrian,kävellä,ˈkæʋelːæ,ˈkæʋelʲːæ,1
karelian,ingrian,oppihua,ˈopːihuɑ,ˈopːihuɑ̯,1
karelian,ingrian,toohitooppi,ˈtoːhiˌtoːpːi,ˈtoo̯iˌtoo̯pːi,4
karelian,ingrian,tihti,ˈtihti,ˈtʲihtʲi,2
karelian,ingrian,dispetcera,ˈdispett͡ʃerɑ,ˈdisʲpetˌerɑ,4
karelian,ingrian,fookusnikka,ˈfoːkusnikːɑ,ˈfooˌuˌsʲikːɑ,4
karelian,ingrian,niska,ˈniskɑ,ˈnʲiskɑ,1
karelian,ingrian,yheksikkö,ˈyheksikːø,ˈyheksʲikːø,1
karelian,ingrian,ahtaa,ˈɑhtɑː,ˈɑhtɑ,1
karelian,ingrian,naiselokas,ˈnɑi̯sˌelokɑs,ˈnɑi̯sʲelokɑ,2
karelian,ingrian,yläsokka,ˈylæˌsokːɑ,ˈylʲæsokːɑ,2
karelian,ingrian,siso,ˈsiso,ˈsʲiso,1
karelian,ingrian,vähemmän,ˈʋæhemːæn,ˈʋæhemmæn,1
karelian,ingrian,snaakka,ˈsnɑːkːɑ,ˈsnɑɑkːɑ,1
karelian,ingrian,sinkkiin,ˈsiŋkːiːn,ˈsʲiŋkːin,2
karelian,ingrian,huimattaa,ˈhui̯mɑtːɑː,ˈhui̯mɑtɑɑ,2
karelian,ingrian,etti,ˈetːi,ˈetʲːi,1
karelian,ingrian,legenda,ˈleɡendɑ,ˈlʲeɡendɑ,1
karelian,ingrian,maaheinä,ˈmɑːˌhei̯næ,ˈmɑɑhei̯nʲæ,3
karelian,ingrian,hötissä,ˈhøtisːæ,ˈhøtʲisʲːæ,2
karelian,ingrian,nerva,ˈnerʋɑ,ˈnʲerʋɑ,1
karelian,ingrian,yletä,ˈyletæ,ˈylʲetʲæ,2
karelian,ingrian,salajutto,ˈsɑlɑˌjutːo,ˈsɑlɑjutːo,1
karelian,ingrian,tsirkka,ˈt͡sirkːɑ,ˈtʲsʲrkːɑ,2
karelian,ingrian,avtora,ˈɑftorɑ,ˈɑʋtorɑ,1
karelian,ingrian,leningrad,ˈleniŋɡrɑd,ˈlʲenʲiŋɡrɑ,3
karelian,ingrian,vesimaonkotain,ˈʋesiˌmɑonˌkotɑi̯ne,ˈʋesʲiˌmɑŋˌtoi̯nʲi,8
karelian,ingrian,kommia,ˈkomijɑ,ˈkomːiɑ̯,3
karelian,ingrian,alempain,ˈɑlempɑi̯ne,ˈɑlempɑi̯n,1
karelian,ingrian,raaka,ˈrɑːkɑ,ˈrɑɑ̯ɑ,2
karelian,ingrian,jakutti,ˈjɑkutːi,ˈjɑkutʲːi,1
karelian,ingrian,konslee,ˈkonsleː,ˈkonʲːee̯,4
karelian,ingrian,petäjälatva,ˈpetæjæˌlɑtʋɑ,ˈpetʲæjælɑtɑ,3
karelian,ingrian,vanhajoulu,ˈʋɑnɑˌjou̯lu,ˈʋɑnhɑjou̯lu,2
karelian,ingrian,baaba,ˈbɑːbɑ,ˈbɑɑbɑ,1
karelian,ingrian,teräs,ˈteræs,ˈtʲeræs,1
karelian,ingrian,palttina,ˈpɑltːinɑ,ˈpɑltʲːinɑ,1
karelian,ingrian,kotiisäntä,ˈkotiˌisæntæ,ˈkotʲiˌsæænʲtʲæ,5
karelian,ingrian,ukleikka,ˈuklei̯kːɑ,ˈuklʲei̯kːɑ,1
karelian,ingrian,toimittaa,ˈtoi̯mitːɑː,ˈtoi̯mitːɑ,1
karelian,ingrian,kurissos,ˈkurisːos,ˈkuriˌsoo,3
karelian,ingrian,loont,ˈloːntɑ,ˈloont,2
karelian,ingrian,venutella,ˈʋenutelːɑ,ˈʋenutʲelːɑ,1
karelian,ingrian,alaselys,ˈɑlɑˌselys,ˈɑlɑsʲelʲys,3
karelian,ingrian,lypsäjä,ˈlypsæjæ,ˈlʲypææ̯jæ,3
karelian,ingrian,plikata,ˈplikɑtɑ,ˈplʲikɑtɑ,1
karelian,ingrian,varpaiset,ˈʋɑrpɑi̯set,ˈʋɑrpɑi̯sʲet,1
karelian,ingrian,yhenlaajain,ˈyhenlɑːjɑi̯ne,ˈyhenlɑɑjɑi̯n,2
karelian,ingrian,alkuškoulu,ˈɑlkuˌʃkou̯lu,ˈɑlkuʃˌkou̯lu,2
karelian,ingrian,nännänpää,ˈnænːænˌpæː,ˈnʲænʲænʲææ,5
karelian,ingrian,syvennös,ˈsyʋenːøs,ˈsʲyʋenʲːs,3
karelian,ingrian,saunaallas,ˈsɑu̯nɑˌɑlːɑs,ˈsɑu̯nɑɑllɑ,3
karelian,ingrian,kraaska,ˈkrɑːskɑ,ˈkrɑɑ̯skɑ,2
karelian,ingrian,hooletoin,ˈhoːletoi̯n,ˈholʲetoi̯n,2
karelian,ingrian,oktjabrikuu,ˈoktʲɑbriˌkuː,ˈoktjɑbriˌkuː,1
karelian,ingrian,translativa,ˈtrɑnslɑtiʋɑ,ˈtrɑnːsɑˌtʲiːʋɑ,5
karelian,ingrian,toohivakka,ˈtoːhiˌʋɑkːɑ,ˈtoohiʋɑkːɑ,2
karelian,ingrian,kallio,ˈkɑljo,ˈkɑlʲːio,3
karelian,ingrian,esi-,ˈesi-,ˈesʲi,2
karelian,ingrian,essiiva,ˈesːiːʋɑ,ˈesʲːiːʋɑ,1
karelian,ingrian,kalapiirakka,ˈkɑlɑˌpiːrɑkːɑ,ˈkɑlɑˌpiːrkɑ,2
karelian,ingrian,kirkastua,ˈkirkɑstuɑ,ˈkirkɑstɑu̯,2
karelian,ingrian,kultoin,ˈkultoi̯ne,ˈkultoi̯n,1
karelian,ingrian,suenkorenta,ˈsuenˌkorentɑ,ˈsue̯korentɑ,2
karelian,ingrian,lämmetä,ˈlæmːetæ,ˈlʲæmːetʲæ,2
karelian,ingrian,heenoluin,ˈheːnoˌlui̯ne,ˈheenoˌlui̯n,2
karelian,ingrian,ni,ˈni,ˈnʲi,1
karelian,ingrian,lakoittaa,ˈlɑkoi̯tːɑː,ˈlɑkoi̯tːɑ,1
karelian,ingrian,kerraal,ˈkerːɑlːɑ,ˈkerːɑɑ̯l,3
karelian,ingrian,käppiä,ˈkæpiæ,ˈkæpːiæ̯,2
karelian,ingrian,alaspäin,ˈɑlɑsˌpæi̯,ˈɑlɑˌsʲæi̯n,4
karelian,ingrian,lentämä,ˈlentæmæ,ˈlʲentʲæmæ,2
karelian,ingrian,geografia,ˈɡeo.ɡrɑfiɑ,ˈɡeoɡrɑriɑ,2
karelian,ingrian,polopoika,ˈpoloˌpoi̯kɑ,ˈpolopoi̯kɑ,1
karelian,ingrian,näin,ˈnæ.in,ˈnʲæi̯n,3
karelian,ingrian,jaakko,ˈjɑːkːo,ˈjɑɑkːo,1
karelian,ingrian,yheksäntoist kymmenäs,ˈyheksæntoi̯stɑ ˈkymːenæs,ˈyheksʲæn ˌtoi̯sʲæ,14
karelian,ingrian,kylänvahti,ˈkylænˌʋɑhti,ˈkylʲænʋɑhtʲi,3
karelian,ingrian,pettelikkodurakka,ˈpetːelikːoˌdurɑkːɑ,ˈpetʲːeˌlʲiˌkorːɑ,10
karelian,ingrian,aijaa olutta,ˈɑjɑː ˈolutːɑ,ˈɑi̯jɑˌoolutɑ,6
karelian,ingrian,mookkahus,ˈmoːkːɑhus,ˈmokːɑˌhus,2
karelian,ingrian,kedrätä,ˈkedrætæ,ˈkedrætʲæ,1
karelian,ingrian,saviallas,ˈsɑʋiˌɑlːɑs,ˈsɑʋiˌɑlɑ,2
karelian,ingrian,näkköin,ˈnækːøi̯n,ˈnʲækːin,3
karelian,ingrian,pikastua,ˈpikɑstuɑ,ˈpikɑstɑu̯,2
karelian,ingrian,järestää,ˈjærestæː,ˈjæreˌsʲtʲæ,4
karelian,ingrian,meehusta,ˈmeːhustɑ,ˈmeehustɑ,1
karelian,ingrian,päähiäin,ˈpæːhijæi̯ne,ˈpææ̯hiæ̯n,5
karelian,ingrian,veerre,ˈʋeːrːe,ˈʋee̯re,3
karelian,ingrian,sahhaaja,ˈsɑhɑːjɑ,ˈsɑhhɑjɑ,2
karelian,ingrian,vrednoi,ˈʋrednoi̯,ˈʋrednoi,1
karelian,ingrian,lehmuri,ˈlehmuri,ˈlʲehmuri,1
karelian,ingrian,lakiain,ˈlɑkijɑi̯ne,ˈlɑkiˌɑi̯n,2
karelian,ingrian,maahiin,ˈmɑːhine,ˈmɑɑhiin,3
karelian,ingrian,sannikkain,ˈsɑnːikːɑi̯ne,ˈsanʲːikːin,5
karelian,ingrian,irissä,ˈirisːæ,ˈirisʲːæ,1
karelian,ingrian,nimensihalliin,ˈnimenˌsihɑlːine,ˈnʲimenʲːiˌhɑlʲːinʲi,7
karelian,ingrian,toohitörkkä,ˈtoːhiˌtørkːæ,ˈtoohiˌtʲrkːæ,2
karelian,ingrian,käppiäst,ˈkæpiæstæ,ˈkæpːiæ̯st,3
karelian,ingrian,selkäpiiluu,ˈselkæˌpiːˌluː,ˈsʲelkæˌpilu,4
karelian,ingrian,lähtiisvers,ˈlæhtiːsˌʋers,ˈlʲæhtʲisˌsers,4
karelian,ingrian,veri,ˈʋeri,ˈʋerʲi,1
karelian,ingrian,maarit,ˈmɑːrit,ˈmɑɑrit,1
karelian,ingrian,opettaa,ˈopetːɑː,ˈopetːɑ,1
karelian,ingrian,siun,ˈsiu̯n,ˈsʲiu̯n,1
karelian,ingrian,loppukesä,ˈlopːuˌkesæ,ˈlopːuˌkesʲæ,1
karelian,ingrian,meekäs,ˈme.ekæs,ˈmeekæs,1
karelian,ingrian,neljätoist kymmenäs,ˈneljætoi̯stɑ ˈkymːenæs,ˈnʲeljæˌtoi̯sʲenʲæ,12
karelian,ingrian,päässä,ˈpæːsːæ,ˈpææ̯sʲːæ,3
karelian,ingrian,seslä,ˈseslæ,ˈsʲesʲːæ,3
karelian,ingrian,tantsi,ˈtɑnt͡si,ˈtɑntsi,1
karelian,ingrian,lento,ˈlento,ˈlʲento,1
karelian,ingrian,tytärlentämä,ˈtytærˌlentæmæ,ˈtʲytʲærlʲenʲæ,7
karelian,ingrian,lyhykkäin,ˈlyhykːæi̯ne,ˈlʲyhykːæi̯n,2
karelian,ingrian,tamožnikka,ˈtɑmoʒnikːɑ,ˈtamoˌʒnʲikːɑ,3
karelian,ingrian,seät,ˈseæt,ˈsʲeæt,1
karelian,ingrian,tirissä,ˈtirisːæ,ˈtʲirisʲːæ,2
karelian,ingrian,budilnikka,ˈbudilnikːɑ,ˈbudʲiˌlʲikːɑ,3
karelian,ingrian,soutaa,ˈsou̯tɑː,ˈsou̯tɑɑ,1
karelian,ingrian,ätsimä,ˈæt͡simæ,ˈætʲːimæ,2
karelian,ingrian,sukunimi,ˈsukuˌnimi,ˈsukunʲimi,2
karelian,ingrian,tyttö,ˈtytːø,ˈtʲytʲːø,2
karelian,ingrian,kaatiat,ˈkɑːtiɑt,ˈkɑɑtʲitʲ,4
karelian,ingrian,yhtä,ˈyhtæ,ˈyhtʲæ,1
karelian,ingrian,nagreskapusta,ˈnɑɡresˌkɑpustɑ,ˈnɑɡreˌskɑˌpustɑ,3
karelian,ingrian,lahjoittaa,ˈlɑhjoi̯tːɑː,ˈlɑhjoi̯tːɑ,1
karelian,ingrian,koittaa,ˈkoi̯tːɑː,ˈkoi̯tːɑ,1
karelian,ingrian,konsonanttabukva,ˈkonsoˌnɑntːɑˌbukʋɑ,ˈkonsonːɑntɑˌkɑkːɑ,6
karelian,ingrian,olenitalohus,ˈoleniˌtɑlohus,ˈolʲenʲiˌtɑl̯s,5
karelian,ingrian,pettypiimä,ˈpetːyˌpiːmæ,ˈpetʲːyˌpiːæ,2
karelian,ingrian,jäähytellä,ˈjæːhytelːæ,ˈjææ̯hytʲelʲːæ,4
karelian,ingrian,zoona,ˈzoːnɑ,ˈzoonɑ,1
karelian,ingrian,häilyä,ˈhæi̯lyæ,ˈhæi̯lʲyæ̯,2
karelian,ingrian,oopьtta,ˈoːpɨtːɑ,ˈoopotɑ,3
karelian,ingrian,tappaa,ˈtɑpɑː,ˈtɑpːɑ,2
karelian,ingrian,hoomus,ˈhoːmus,ˈhoo̯us,2
karelian,ingrian,rättinä,ˈrætːinæ,ˈrætʲːinʲæ,2
karelian,ingrian,hässiä,ˈhæsːiæ,ˈhæsʲːiæ̯,2
karelian,ingrian,puhasliitsain,ˈpuhɑsˌliːt͡sɑi̯ne,ˈpuhɑˌsʲːisːɑi̯nʲi,8
karelian,ingrian,puhhua,ˈpuhuɑ,ˈpuhhuɑ̯,2
karelian,ingrian,kirjava pouta,ˈkirjɑʋɑ ˈpou̯tɑ,ˈkirjɑˌʋɑu̯tuɑ̯,7
karelian,ingrian,inhotos,ˈinotos,ˈinhotos,1
karelian,ingrian,miltain,ˈmiltɑi̯ne,ˈmiltɑi̯n,1
karelian,ingrian,päähä,ˈpæːhæ,ˈpææ̯hæ,2
karelian,ingrian,hyvvää matkaa,ˈhyʋæː ˈmɑtkɑː,ˈhyʋʋæ̯ˌmɑtɑ,6
karelian,ingrian,konvertti,ˈkonʋertːi,ˈkonʋertʲːi,1
karelian,ingrian,kimalain,ˈkimɑlɑi̯ne,ˈkimɑˌlɑi̯n,2
karelian,ingrian,baroni,ˈbɑroni,ˈbɑronʲi,1
karelian,ingrian,taka-,ˈtɑkɑ-,ˈtɑkɑ,1
karelian,ingrian,negra,ˈneɡrɑ,ˈnʲeɡrɑ,1
karelian,ingrian,lankiissa,ˈlɑŋkiːsːɑ,ˈlɑŋkiissːɑ,2
karelian,ingrian,puuomena,ˈpuːˌomenɑ,ˈpuːo̯menɑ,2
karelian,ingrian,merenranta,ˈmerenˌrɑntɑ,ˈmerenːɑntɑ,2
karelian,ingrian,taazi,ˈtɑːzi,ˈtɑɑ̯i,2
karelian,ingrian,kraamia,ˈkrɑːmiɑ,ˈkrɑɑ̯miɑ̯,3
karelian,ingrian,seemen,ˈseːmen,ˈsʲeemen,2
karelian,ingrian,ukkoraiska,ˈukːoˌrɑi̯skɑ,ˈukːorːisʲkɑ,4
karelian,ingrian,rupinenä,ˈrupiˌnenæ,ˈrupiːnʲenʲæ,3
karelian,ingrian,pikkurilli,ˈpikːuˌrilːi,ˈpikːurilʲːi,2
karelian,ingrian,kiintiäst,ˈkiːntiæstæ,ˈkiːntʲiæ̯stʲt,4
karelian,ingrian,kostaa,ˈkostɑː,ˈkostɑɑ,1
karelian,ingrian,genetiva,ˈɡenetiʋɑ,ˈɡenʲetʲiʋɑ,2
karelian,ingrian,lentäjä,ˈlentæjæ,ˈlʲentʲæjæ,2
karelian,ingrian,pööriä,ˈpøːrijæ,ˈpøøriæ̯,3
karelian,ingrian,poolisaari,ˈpoːliˌsɑːri,ˈpolʲisˌɑɑri,5
karelian,ingrian,teräkäs,ˈterækæs,ˈtʲerækæs,1
karelian,ingrian,duuba,ˈduːbɑ,ˈduːɑb,2
karelian,ingrian,samantapain,ˈsɑmɑnˌtɑpɑi̯ne,ˈsɑmɑntɑˌpɑi̯n,3
karelian,ingrian,staraittaa,ˈstɑrɑi̯tːɑː,ˈstɑrɑi̯tːɑ,1
karelian,ingrian,kanasakkeli,ˈkɑnɑˌsɑkːeli,ˈkɑnɑˌsɑkːelʲi,1
karelian,ingrian,astavoija,ˈɑstɑʋoi̯jɑ,ˈɑstɑˌʋoi̯jɑ,1
karelian,ingrian,kaglatunnit,ˈkɑɡlɑˌtunːit,ˈkɑɡlɑˌtunʲitʲ,2
karelian,ingrian,kitkiä,ˈkitkiæ,ˈkitkiæ̯,1
karelian,ingrian,ahmia söövvä,ˈɑhmiɑ ˈsøːʋːæ,ˈɑhmiɑ̯sʲøʋʋæ,5
karelian,ingrian,päälaki,ˈpæːˌlɑki,ˈpææ̯lɑki,2
karelian,ingrian,šrifta,ˈʃriftɑ,ˈʃritːɑ,2
karelian,ingrian,murniin,ˈmurniːn,ˈmurnʲiːn,1
karelian,ingrian,ympyrkäin,ˈympyrkæi̯ne,ˈympyrræi̯n,2
karelian,ingrian,veekäs,ˈʋe.ekæs,ˈʋeekæs,1
karelian,ingrian,kagranrummen,ˈkɑɡrɑnˌrumːen,ˈkɑɡrɑˌnrumen,3
karelian,ingrian,adjektiva,ˈɑdjektiʋɑ,ˈɑdjektʲiʋɑ,1
karelian,ingrian,kivestää,ˈkiʋestæː,ˈkiʋesʲtʲæ,3
karelian,ingrian,huutaa,ˈhuːtɑː,ˈhuːtɑɑ,1
karelian,ingrian,aikamitta,ˈɑi̯kɑˌmitːɑ,ˈɑi̯kɑmitːɑ,1
karelian,ingrian,viljä,ˈʋiljæ,ˈʋilʲæ,1
karelian,ingrian,proovolokka,ˈproːʋolokːɑ,ˈproʋʋolokːɑ,1
karelian,ingrian,myykkiä,ˈmyːkːiæ,ˈmyːkːiæ̯,1
karelian,ingrian,pecka,ˈpet͡ʃkɑ,ˈpeːkɑ,3
karelian,ingrian,lihava,ˈlihɑʋɑ,ˈlʲihɑʋɑ,1
karelian,ingrian,pihlajamarjalintu,ˈpihlɑjɑˌmɑrjɑˌlintu,ˈpihlɑjɑˌmɑrjɑi̯ntu,3
karelian,ingrian,sisarut,ˈsisɑrut,ˈsʲisɑˌrut,2
karelian,ingrian,kalmaluu,ˈkɑlmɑˌluː,ˈkɑlmɑˌluu,1
karelian,ingrian,purjehtiva,ˈpurjehtiʋɑ,ˈpurjehtʲiːʋɑ,2
karelian,ingrian,maailma,ˈmɑːˌilmɑ,ˈmɑɑ̯ˌlmɑ,3
karelian,ingrian,reukastua,ˈreu̯kɑstuɑ,ˈreu̯kɑstɑu̯,2
karelian,ingrian,laavitsa,ˈlɑːʋit͡sɑ,ˈlɑɑʋʋisːɑ,5
karelian,ingrian,lepo,ˈlepo,ˈlʲepo,1
karelian,ingrian,kylkiluu,ˈkylkiˌluː,ˈkylkiˌluu,1
karelian,ingrian,hämmennellä,ˈhæmːenːelːæ,ˈhæmːennʲelʲːæ,3
karelian,ingrian,ruiskovain,ˈru.isˌkoʋɑne,ˈrui̯skoʋʋin,6
karelian,ingrian,kristus,ˈkristus,ˈkristtus,1
karelian,ingrian,šaapka,ˈʃɑːpkɑ,ˈʃɑɑ̯kːɑ,3
karelian,ingrian,akkusativa,ˈɑkːusɑtiʋɑ,ˈɑkːusˌɑtʲiʋʋɑ,3
karelian,ingrian,komal,ˈkomɑlːɑ,ˈkomɑl,2
karelian,ingrian,mikäli,ˈmikæli,ˈmikælʲi,1
karelian,ingrian,alassin,ˈɑlɑsːin,ˈɑlɑsʲːin,1
karelian,ingrian,pääskö,ˈpæːskø,ˈpææ̯skø,2
karelian,ingrian,hookua,ˈhoːkuɑ,ˈhookuɑ̯,2
karelian,ingrian,rootsa,ˈroːt͡sɑ,ˈrotːɑ,3
karelian,ingrian,cikerrellä,ˈt͡ʃikerːelːæ,ˈikːerrelʲːæ,6
karelian,ingrian,nikko,ˈnikːo,ˈnʲikːo,1
karelian,ingrian,telegramma,ˈteleˌɡrɑmːɑ,ˈtʲeleɡrɑmɑ,3
karelian,ingrian,issuttaa,ˈisːutːɑː,ˈisʲːutːɑ,2
karelian,ingrian,raetuuca,ˈrɑeˌtuːt͡ʃɑ,ˈrɑe̯uuu̯,7
karelian,ingrian,käsivars,ˈkæsiˌʋɑrsi,ˈkæsʲiˌʋɑrs,2
karelian,ingrian,mufta,ˈmuftɑ,ˈmuːtɑ,1
karelian,ingrian,rauhallisest,ˈrɑu̯hɑlːisestɑ,ˈrɑu̯hɑˌlʲisʲest,4
karelian,ingrian,rohokasvo,ˈrohoˌkɑsʋo,ˈrohoˌɑsʋo,1
karelian,ingrian,kullua,ˈkuluɑ,ˈkulːuɑ̯,2
karelian,ingrian,jälel,ˈjælelːæ,ˈjælʲel,3
karelian,ingrian,päivöttyä,ˈpæi̯ʋøtːyæ,ˈpæi̯ʋøtʲːyæ̯,2
karelian,ingrian,raisust,ˈrɑi̯sustɑ,ˈrɑi̯sust,1
karelian,ingrian,nyky-,ˈnyky-,ˈnʲyky,2
karelian,ingrian,liikutin,ˈliːkutine,ˈlʲiːˌuːin,4
karelian,ingrian,ruttaa,ˈrutːɑː,ˈrutːɑ,1
karelian,ingrian,korskaa,ˈkorskɑː,ˈkorskɑɑ,1
karelian,ingrian,oomma,ˈoːmːɑ,ˈoomːɑ,1
karelian,ingrian,kakskertain,ˈkɑksˌkertɑi̯ne,ˈkɑkskertɑi̯n,2
karelian,ingrian,saakki,ˈsɑːkːi,ˈsɑɑkːi,1
karelian,ingrian,mukistaa,ˈmukistɑː,ˈmukistɑɑ̯,2
karelian,ingrian,seisoa,ˈsei̯soɑ,ˈsʲei̯soɑ,1
karelian,ingrian,vernoist,ˈʋernoi̯stɑ,ˈʋernoi̯st,1
karelian,ingrian,alentaa,ˈɑlentɑː,ˈɑlentɑɑ,1
karelian,ingrian,repolain,ˈrepolɑi̯ne,ˈrepolɑi̯n,1
karelian,ingrian,persikka,ˈpersikːɑ,ˈperʲːikːɑ,2
karelian,ingrian,tapahos,ˈtɑpɑ.os,ˈtɑpɑhos,1
karelian,ingrian,poissi,ˈpoi̯sːi,ˈpoi̯sʲːi,1
karelian,ingrian,kuusipäre,ˈkuːsiˌpære,ˈkuːsʲiˌpære,1
karelian,ingrian,hapannoittaa,ˈhɑpɑnːoi̯tːɑː,ˈhɑpɑnːoi̯tɑɑ,2
karelian,ingrian,häglä,ˈhæɡlæ,ˈhæɡlʲæ,1
karelian,ingrian,savenjalka,ˈsɑʋenˌjɑlkɑ,ˈsɑʋenjɑlkɑ,1
karelian,ingrian,monikko,ˈmonikːo,ˈmonʲikːo,1
karelian,ingrian,alkutiito,ˈɑlkuˌtiːto,ˈɑlkuˌtʲiːto,1
karelian,ingrian,karvalliin,ˈkɑrʋɑlːine,ˈkɑrʋɑˌlʲːiːn,4
karelian,ingrian,poolipäätkä,ˈpoːliˌpæːtkæ,ˈpolʲiˌpætʲːæ,5
karelian,ingrian,kärkkyä,ˈkærkːyæ,ˈkærkːyæ̯,1
karelian,ingrian,humalikas,ˈhumɑlikɑs,ˈhumɑˌlʲikːɑ,4
karelian,ingrian,lyhentää,ˈlyhentæː,ˈlʲyhenʲtʲæ,4
karelian,ingrian,törissä,ˈtørisːæ,ˈtørissʲːæ,2
karelian,ingrian,ammattimees,ˈɑmːɑtːiˌmeːs,ˈɑmːɑˌtʲimes,4
karelian,ingrian,kärkkilatva,ˈkærkːiˌlɑtʋɑ,ˈkærkːilɑtɑ,2
karelian,ingrian,lekama,ˈlekɑmɑ,ˈlʲekɑmɑ,1
karelian,ingrian,tärkähtäissä,ˈtærkæhtæi̯sːæ,ˈtʲrrkæˌhæi̯sʲæ,5
karelian,ingrian,pihkain,ˈpihkɑi̯ne,ˈpihkɑi̯n,1
karelian,ingrian,hahattaa,ˈhɑhɑtːɑː,ˈhɑhɑtːɑ,1
karelian,ingrian,voos voovvelt,ˈʋoːs ˈʋoːʋːeltɑ,ˈʋosoˌʋoʋʋelʲt,7
karelian,ingrian,kyssyä anteeks,ˈkysyæ ˈɑnteːksi,ˈkysʲːyˌlɑnʲekː,9
karelian,ingrian,poikkinain,ˈpoi̯kːinɑi̯ne,ˈpoi̯kːinɑi̯n,1
karelian,ingrian,foona,ˈfoːnɑ,ˈfoonɑ,1
karelian,ingrian,asse,ˈɑsːe,ˈɑsʲːe,1
karelian,ingrian,pecnikka,ˈpet͡ʃnikːɑ,ˈpeːnʲikːɑ,4
karelian,ingrian,grudnikka,ˈɡrudnikːɑ,ˈɡrudʲnʲikːɑ,2
karelian,ingrian,staarosta,ˈstɑːrostɑ,ˈstɑɑ̯rostɑ,2
karelian,ingrian,namasteri,ˈnɑmɑsteri,ˈnɑmɑˌstʲeri,2
karelian,ingrian,laululintu,ˈlɑu̯luˌlintu,ˈlɑu̯luˌlʲintu,1
karelian,ingrian,perkele,ˈperkele,ˈperkelʲe,1
karelian,ingrian,selkänahkain,ˈselkæˌnɑhkɑi̯ne,ˈsʲelkænːɑˌkɑi̯nʲi,6
karelian,ingrian,tutkimus,ˈtutkimus,ˈtutkimms,1
karelian,ingrian,valetti,ˈʋɑletːi,ˈʋɑletʲːi,1
karelian,ingrian,terävä,ˈteræʋæ,ˈtʲeræʋæ,1
karelian,ingrian,lepytellä,ˈlepytelːæ,ˈlʲepytʲelʲːæ,3
karelian,ingrian,pomintkat,ˈpomintkɑt,ˈpominʲtkɑt,1
karelian,ingrian,kysymys,ˈkysymys,ˈkysʲymys,1
karelian,ingrian,vihmakaarre,ˈʋihmɑˌkɑːrːe,ˈʋihmɑˌkɑrre,2
karelian,ingrian,lesorirattaat,ˈlesoriˌrɑtːɑːt,ˈlʲesoˌrirɑtɑ,6
karelian,ingrian,koinia,ˈkoi̯niɑ,ˈkoi̯nʲiɑ̯,2
karelian,ingrian,alusvene,ˈɑlusˌʋene,ˈɑlusˌʋenʲe,1
karelian,ingrian,puuraenta,ˈpuːˌrɑentɑ,ˈpuːrɑˌentɑ,2
karelian,ingrian,kuurnitsa,ˈkuːrnit͡sɑ,ˈkuːrnʲitːɑ,3
karelian,ingrian,pedronaatto,ˈpedronˌɑːtːo,ˈpedronːɑtːo,2
karelian,ingrian,niitti,ˈniːtːi,ˈnʲiːtʲːi,2
karelian,ingrian,laulattaa,ˈlɑu̯lɑtːɑː,ˈlɑu̯lɑtːɑ,1
karelian,ingrian,glavnoi,ˈɡlɑʋnoi̯,ˈɡlɑʋnoi,1
karelian,ingrian,pajupuu,ˈpɑjuˌpuː,ˈpɑjuˌuuː,1
livonian,karelian,čikko,ˈt͡ʃikːo,ˈoikko,4
livonian,karelian,arhelei,ˈɑrhelʲei̯,ˈɑreeli,4
livonian,karelian,pyššy,ˈpyʃːy,ˈpʃʃʃ,3
livonian,karelian,jykie,ˈjykie̯,ˈjlkie,2
livonian,karelian,istuo,ˈistuo̯,ˈistuo,1
livonian,karelian,lindu,ˈlʲindu,ˈlindu,1
livonian,karelian,velli,ˈʋelʲːi,ˈvelːi,2
livonian,karelian,muakondie,ˈmuɑ̯ˌkondie̯,ˈmuɑˌkondi,3
livonian,karelian,toine toizen,ˈtoi̯nʲe ˌtoi̯zen,ˈtoineetoizi,7
livonian,karelian,kofei,ˈkofei̯,ˈkofei,1
livonian,karelian,kumpani,ˈkumpɑnʲi,ˈkumpɑni,1
livonian,karelian,yksi,ˈyksʲi,ˈkksi,2
livonian,karelian,lypšiä,ˈlʲypʃiæ̯,ˈlɑpʃi,4
livonian,karelian,tammikko,ˈtɑmːikːo,ˈtɑmːikko,1
livonian,karelian,allaviivata,ˈɑlːɑˌʋiːʋɑtɑ,ˈɑlːɑˌvivɑtɑ,3
livonian,karelian,vihmakuu,ˈʋihmɑˌkuː,ˈviːmɑˌkuuu,4
livonian,karelian,jouži,ˈjou̯ʒi,ˈjouʒi,1
livonian,karelian,lutikka,ˈlutʲikːɑ,ˈlutikkɑ,2
livonian,karelian,kniika,ˈknʲiːkɑ,ˈkniikɑ,2
livonian,karelian,keviäkuu,ˈkeʋiæ̯ˌkuː,ˈkeviˌmkuu,5
livonian,karelian,mua,ˈmuɑ̯,ˈmuɑ,1
livonian,karelian,čičiliušku,ˈt͡ʃit͡ʃiˌlʲiu̯ʃku,ˈoiːiliˌʃku,10
livonian,karelian,feurali,ˈfeu̯rɑlʲi,ˈfeurɑli,2
livonian,karelian,janhus,ˈjɑnhus,ˈjɑnˌuus,2
livonian,karelian,oktʹabrʹa,ˈoktʲɑbrʲɑ,ˈoktoɑˌbrrɑ,3
livonian,karelian,huono,ˈhuo̯no,ˈhuono,1
livonian,karelian,ägie,ˈæɡie̯,ˈæɡie,1
livonian,karelian,huuli,ˈhuːlʲi,ˈhuuli,2
livonian,karelian,ahtivo,ˈɑhtʲiʋo,ˈɑʃtivo,3
livonian,karelian,keltani,ˈkeltɑnʲi,ˈkeltɑni,1
livonian,karelian,kiitoš,ˈkiːtoʃ,ˈkiitoʃ,1
livonian,karelian,niätä,ˈnʲiæ̯tæ,ˈniætæ,2
livonian,karelian,vozduha,ˈʋozduhɑ,ˈvozdˌuɑ,3
livonian,karelian,tuuli,ˈtuːlʲi,ˈtuuli,2
livonian,karelian,kymmenen,ˈkymːenen,ˈkɑmˌmenen,3
livonian,karelian,hätä,ˈhætʲæ,ˈhætæ,1
livonian,karelian,veniälä,ˈʋenʲiæ̯lʲæ,ˈveniˌlæ,5
livonian,karelian,ahjo,ˈɑhjo,ˈɑʃjo,1
livonian,karelian,hameh,ˈhɑmeh,ˈhɑme,1
livonian,karelian,korkie,ˈkorkie̯,ˈkorki,2
livonian,karelian,ovi,ˈoʋi,ˈovi,1
livonian,karelian,kopeikka,ˈkopei̯kːɑ,ˈkopeikɑ,2
livonian,karelian,vuozi,ˈʋuo̯zʲi,ˈvuozi,3
livonian,karelian,tie,ˈtʲie̯,ˈtie,2
livonian,karelian,hebone,ˈhebonʲe,ˈhebonn,2
livonian,karelian,čiba,ˈt͡ʃibɑ,ˈoibɑ,3
livonian,karelian,kohta,ˈkohtɑ,ˈkoʃtɑ,1
livonian,livonian,ä’busk,ˈæˀbˌusk,ˈæˀbusk,1
livonian,livonian,prațțõ,ˈprɑcːə,ˈprɑccə,1
livonian,livonian,äbjõvā,ˈæˀbˌjɯvɑː,ˈæbjɯvɑː,2
livonian,livonian,jūrõ,ˈjuːˀrə,ˈjuːrə,1
livonian,livonian,pūmpar,ˈpuːmpɑr,ˈpuːmˌpɑr,1
livonian,livonian,ēstimǭ,ˈeːstiˌmɒː,ˈeːstˌmɒː,1
livonian,livonian,mie’rnaigā,ˈmieˀrnˌɑiɡɑː,ˈmieˀrˌnɑiɡɑː,2
livonian,livonian,kukurūz,ˈkukuruːz,ˈkukuruuːz,1
livonian,livonian,kuo’žžõ,ˈkuoˀʒːə,ˈkuoˀʒʒə,1
livonian,livonian,apostrōf,ˈɑpostroːf,ˈɑpostˌroːf,1
livonian,livonian,vaņšti,ˈvɑɲʃti,ˈvɑɲʃt,1
livonian,livonian,entsiklopēdij,ˈentsiklopeːdij,ˈentsikˌpoːedij,4
livonian,livonian,ä’bõigi,ˈæˀbˌɯiɡi,ˈæˀbəiɡi,2
livonian,livonian,tōgõz,ˈtɒːɡəz,ˈtoːɡəz,1
livonian,ingrian,suiku,ˈsui̯ku,ˈsuiku,1
livonian,ingrian,lankoin,ˈlɑŋkoi̯n,ˈlɑnˌkoin,3
livonian,ingrian,jäärävä,ˈjæːræʋæ,ˈjææræv,3
livonian,ingrian,hätämöry,ˈhætæˌmøry,ˈhætæmˌmur,3
livonian,ingrian,kaglarätti,ˈkɑɡlɑˌrætːi,ˈkɑɡlɑrtæti,3
livonian,ingrian,protivogaza,ˈprotiʋoɡɑzɑ,ˈprotivvoɡɑɡɑ,3
livonian,ingrian,myssy,ˈmysːy,ˈmɑss,3
livonian,ingrian,kärhiäin,ˈkærijæi̯ne,ˈkæriˌiin,4
livonian,ingrian,sinisorokka,ˈsiniˌsorokːɑ,ˈsinisˌrookɑ,4
livonian,ingrian,toore,ˈtoːre,ˈtoore,1
livonian,ingrian,lumimees,ˈlumiˌmeːs,ˈlumiˌmees,1
livonian,ingrian,syänkuu,ˈsyænˌkuː,ˈsɑænˌkuu,2
livonian,ingrian,jälelle,ˈjælelːe,ˈjælelle,1
livonian,ingrian,polvest polvee,ˈpolʋestɑ ˈpolʋeː,ˈpolvestˌpoːlev,7
livonian,ingrian,tumma,ˈtumːɑ,ˈtummɑ,1
livonian,ingrian,rooho,ˈroːho,ˈrooto,2
livonian,ingrian,ruttiissa,ˈrutːiːsːɑ,ˈrutːiissɑ,2
livonian,ingrian,veeraisse,ˈʋeːrɑi̯sːe,ˈveerɑiss,5
livonian,ingrian,pääliin,ˈpæːline,ˈpææliin,3
livonian,ingrian,hoikkain,ˈhoi̯kːɑi̯ne,ˈhoikˌɑin,4
livonian,ingrian,tikuttaa,ˈtikutːɑː,ˈtikuttɑɑ,2
livonian,ingrian,hävviimiin,ˈhæʋiːmine,ˈhævviimi,5
livonian,ingrian,kusimuurahain,ˈkusiˌmuːrɑhɑi̯ne,ˈkusimˌuurɑin,7
livonian,ingrian,ymmärtää,ˈymːærtæː,ˈmmmæˌrtæ,4
livonian,ingrian,haparoija,ˈhɑpɑroi̯jɑ,ˈhɑpɑroijɑ,1
livonian,ingrian,hakkiissa,ˈhɑkːiːsːɑ,ˈhɑkːiissɑ,2
livonian,ingrian,leninskoi,ˈleninskoi̯,ˈleninsˌkoi,2
livonian,ingrian,arvoittaa,ˈɑrʋoi̯tːɑː,ˈɑrvoitttɑɑ,4
livonian,ingrian,antakaa,ˈɑntɑkɑː,ˈɑntɑˌkɑɑ,2
livonian,ingrian,läkkämyskeeli,ˈlækːæmysˌkeːli,ˈlækˌkæmsˌkeeli,4
livonian,ingrian,pihtelet,ˈpihtelet,ˈpitˌelet,2
livonian,ingrian,komandoittaa,ˈkomɑndoi̯tːɑː,ˈkomɑndidtttɑɑ,5
livonian,ingrian,valjastaa,ˈʋɑljɑstɑː,ˈvɑljɑˌstɑɑ,3
livonian,ingrian,käskiä,ˈkæskiæ,ˈkæski,1
livonian,ingrian,parandža,ˈpɑrɑndʒɑ,ˈpɑrɑndɑ,1
livonian,ingrian,poukkulahantka,ˈpou̯kːuˌlɑhɑntkɑ,ˈpoukˌkuɑˌnɑntɑ,8
livonian,ingrian,riijellä,ˈriːjelːæ,ˈrijˌell,4
livonian,ingrian,ennää,ˈenæː,ˈennææ,2
livonian,ingrian,musseta,ˈmusːetɑ,ˈmusˌeetɑ,2
livonian,ingrian,lankiivatauti,ˈlɑŋkiːʋɑˌtɑu̯ti,ˈlɑnkiˌvɑːtɑtɑt,7
livonian,ingrian,tuttava,ˈtutːɑʋɑ,ˈtutˌɑɑvɑ,3
livonian,ingrian,revolutsia,ˈreʋolut͡siɑ,ˈrevollutsiɑ,3
livonian,ingrian,marjakärkkä,ˈmɑrjɑˌkærkːæ,ˈmɑrjɑˌkækk,3
livonian,ingrian,mahorkka,ˈmɑhorkːɑ,ˈmɑˌorkkɑ,2
livonian,ingrian,lapselle,ˈlɑpselːe,ˈlɑpselle,1
livonian,ingrian,poloin,ˈpoloi̯ne,ˈpoloin,2
livonian,ingrian,paljma,ˈpɑlʲmɑ,ˈpɑljmɑ,1
livonian,ingrian,taanolliin,ˈtɑːnolːine,ˈtɑɑnolliin,4
livonian,ingrian,härkävasikka,ˈhærkæˌʋɑsikːɑ,ˈhærkˌvɑːiskɑ,5
livonian,ingrian,bälättää,ˈbælætːæː,ˈbælætˌtææ,3
livonian,ingrian,adverba,ˈɑdʋerbɑ,ˈɑdˌerbɑ,1
livonian,ingrian,vihain,ˈʋihɑi̯ne,ˈviːɑin,4
livonian,ingrian,kirahuttaa,ˈkirɑhutːɑː,ˈkirɑˌtutɑɑ,4
livonian,ingrian,hullust,ˈhulːustɑ,ˈhullust,2
livonian,ingrian,braakkia,ˈbrɑːkːiɑ,ˈbrɑɑkkiɑ,2
livonian,ingrian,hönkä,ˈhøŋkæ,ˈhonkæ,2
livonian,ingrian,laappa,ˈlɑːpːɑ,ˈlɑɑppɑ,2
livonian,ingrian,jäälontti,ˈjæːˌlontːi,ˈjæælonti,3
livonian,ingrian,arvaavalliin,ˈɑrʋɑːʋɑlːine,ˈɑrvɑɑˌvɑːlii,8
livonian,ingrian,peenkari,ˈpeːŋkɑri,ˈpeenkɑri,2
livonian,ingrian,voimakkaamp,ˈʋoi̯mɑkːɑːmpi,ˈvoimɑˌkkɑm,7
livonian,ingrian,hävviissä,ˈhæʋiːsːæ,ˈhævviiss,5
livonian,ingrian,meekka,ˈmeːkːɑ,ˈmeekkɑ,2
livonian,ingrian,hietöin,ˈhietøi̯n,ˈhietoin,2
livonian,ingrian,mankua,ˈmɑŋkuɑ,ˈmɑnˌkuɑ,2
livonian,ingrian,elohoone,ˈeloˌhoːne,ˈeloˌooon,3
livonian,ingrian,ahkerast,ˈɑhkerɑstɑ,ˈɑʃkerɑst,2
livonian,ingrian,cikertää,ˈt͡ʃikertæː,ˈoikertˌææ,5
livonian,ingrian,pahalain,ˈpɑhɑlɑi̯ne,ˈpɑːɑlɑin,3
livonian,ingrian,mäsnikkä,ˈmæsnikːæ,ˈmæsnikk,2
livonian,ingrian,elektricestva,ˈelek.trit͡ʃestʋɑ,ˈelektriestə,6
livonian,ingrian,lavvattaa,ˈlɑʋːɑtːɑː,ˈlɑvvɑtttɑɑ,5
livonian,ingrian,saadu,ˈsɑːdu,ˈsɑɑdu,1
livonian,ingrian,äijäpäivä,ˈæi̯jæˌpæi̯ʋæ,ˈæijˌppiv,6
livonian,ingrian,varreel,ˈʋɑrːelːɑ,ˈvɑrreel,5
livonian,ingrian,mikälee,ˈmikæleː,ˈmikæˌlee,2
livonian,ingrian,paimenpoika,ˈpɑi̯menˌpoi̯kɑ,ˈpɑimenˌpoikɑ,2
livonian,ingrian,nuuhata,ˈnuːhɑtɑ,ˈnuuˌɑtɑ,2
livonian,ingrian,sinne,ˈsinːe,ˈsinne,1
livonian,ingrian,tammikontu,ˈtɑmːiˌkontu,ˈtɑmːiˌkont,1
livonian,ingrian,inho,ˈino,ˈinto,1
livonian,ingrian,pääsiänpaasto,ˈpæːsiænˌpɑːsto,ˈpææsiˌnɑpɑst,5
livonian,ingrian,kämmel,ˈkæmːel,ˈkæmmel,1
livonian,ingrian,jumalanlehmä,ˈjumɑlɑnˌlehmæ,ˈjumɑlɑˌniem,5
livonian,ingrian,vanhentaa,ˈʋɑnentɑː,ˈvɑnˌentɑɑ,3
livonian,ingrian,piikkaa,ˈpiːkːɑː,ˈpiikkɑɑ,3
livonian,ingrian,sovetti,ˈsoʋetːi,ˈsoveti,2
livonian,ingrian,jalka jalalt,ˈjɑlkɑ ˈjɑlɑltɑ,ˈjɑlkɑˌjɑlɑlt,3
livonian,ingrian,oppilaps,ˈopːiˌlɑps,ˈopːilɑps,1
livonian,ingrian,tulla rautahampaal,ˈtulːɑ ˈrɑu̯tɑˌhɑmpɑːlːɑ,ˈtulːɑˌrɑrɑˌmɑpɑl,10
livonian,ingrian,kakspohjain,ˈkɑksˌpohjɑi̯ne,ˈkɑkspojˌjɑi,6
livonian,ingrian,frantsia,ˈfrɑnt͡siɑ,ˈfrɑntsiɑ,1
livonian,ingrian,pocivoittaa,ˈpot͡ʃiʋoi̯tːɑː,ˈpoːivvitttɑɑ,8
livonian,ingrian,etelätuuli,ˈetelæˌtuːli,ˈetelæˌtuuui,2
livonian,ingrian,ööeitsi,ˈøːˌei̯t͡si,ˈoːeitsi,4
livonian,ingrian,veräjäpuu,ˈʋeræjæˌpuː,ˈveræˌjæpuu,4
livonian,ingrian,siivotta,ˈsiːʋotːɑ,ˈsiivottɑ,3
livonian,ingrian,mutkitella,ˈmutkitelːɑ,ˈmutkitˌeelɑ,3
livonian,ingrian,vehnä,ˈʋehnæ,ˈveˌnæ,2
livonian,ingrian,rapsutella,ˈrɑpsutelːɑ,ˈrɑpsutˌellɑ,2
livonian,ingrian,leipämaa,ˈlei̯pæˌmɑː,ˈleipˌæmɑ,4
livonian,ingrian,yhtein,ˈyhtei̯ne,ˈɑʃtein,4
livonian,ingrian,suukas,ˈsu.ukɑs,ˈsuukɑs,1
livonian,ingrian,vettää,ˈʋetæː,ˈvetˌtæ,4
livonian,ingrian,keerovakka,ˈkeːroˌʋɑkːɑ,ˈkeerovɑˌkɑkɑ,5
livonian,ingrian,ekskavatora,ˈekskɑʋɑtorɑ,ˈekskɑˌvɑtɑtrɑ,4
livonian,ingrian,jyrytellä,ˈjyrytelːæ,ˈjɑrˌteel,5
livonian,ingrian,oljga,ˈolʲɡɑ,ˈoljɡɑ,1
livonian,ingrian,inhimiin,ˈinimine,ˈinːimin,2
livonian,ingrian,meelövä,ˈmeːløʋæ,ˈmeelovɑ,4
livonian,ingrian,jumaliin,ˈjumɑliːn,ˈjumɑliin,1
livonian,ingrian,strastnoi päätetsä,ˈstrɑstnoi̯ ˈpæːtet͡sæ,ˈstrɑstˌniːists,11
livonian,ingrian,rattaat,ˈrɑtːɑːt,ˈrɑttɑɑt,2
livonian,ingrian,partti,ˈpɑrtːi,ˈpɑrti,1
livonian,ingrian,kalastaa,ˈkɑlɑstɑː,ˈkɑlɑsˌtɑɑ,2
livonian,ingrian,kyli,ˈkyli,ˈkɑli,1
livonian,ingrian,alfavitta,ˈɑlfɑʋitːɑ,ˈɑlfɑvittɑ,2
livonian,ingrian,aamuiseel,ˈɑːmui̯selːɑ,ˈɑɑmuiˌseel,5
livonian,ingrian,hätähyä,ˈhætæhyæ,ˈhætæˌsɑ,3
livonian,ingrian,maailman,ˈmɑːˌilmɑn,ˈmɑɑilmɑn,2
livonian,ingrian,kivistaa,ˈkiʋistɑː,ˈkivisˌtɑɑ,3
livonian,ingrian,kammitsa,ˈkɑmːit͡sɑ,ˈkɑmːitsɑ,1
livonian,ingrian,päätetsä,ˈpæːtet͡sæ,ˈpæætets,3
livonian,ingrian,toittoaine,ˈtoi̯tːoˌɑi̯ne,ˈtoitˌtoini,7
livonian,ingrian,vitsain,ˈʋit͡sɑi̯ne,ˈvitsɑin,4
livonian,ingrian,kohvimylly,ˈkohʋimylːy,ˈkoːvimmlll,5
livonian,ingrian,bortsa,ˈbort͡sɑ,ˈbortsɑ,1
livonian,ingrian,käyttäjä,ˈkæy̯tːæjæ,ˈkæːtˌtæj,5
livonian,ingrian,ukonlooto,ˈukonˌloːto,ˈukonlooot,4
livonian,ingrian,utjuga,ˈutʲuɡɑ,ˈutjuɡɑ,1
livonian,ingrian,kyynel,ˈkyːnel,ˈkɑˌnel,2
livonian,ingrian,kääntiellä,ˈkæːnti.elːæ,ˈkææntiell,4
livonian,ingrian,ässä,ˈæsːæ,ˈæssæ,1
livonian,ingrian,keelto,ˈkeːlto,ˈkeelto,1
livonian,ingrian,pään,ˈpæːn,ˈpææn,1
livonian,ingrian,udarnikka,ˈudɑrnikːɑ,ˈudɑrnikɑ,1
livonian,ingrian,toohi,ˈtoːhi,ˈtooii,2
livonian,ingrian,noori,ˈnoːri,ˈnoori,1
livonian,ingrian,pionera,ˈpionerɑ,ˈpioˌnerɑ,1
livonian,ingrian,perätöin,ˈperætøi̯n,ˈperætˌiin,2
livonian,ingrian,tabakerkka,ˈtɑbɑkerkːɑ,ˈtɑbɑˌkerkɑ,2
livonian,ingrian,luikko,ˈlui̯kːo,ˈluikko,2
livonian,ingrian,iskiä,ˈiskiæ,ˈiski,1
livonian,ingrian,rutvata,ˈrutʋɑtɑ,ˈrutvɑtɑ,1
livonian,ingrian,iänikäin,ˈiænˌikæi̯ne,ˈiæniˌkæin,4
livonian,ingrian,vozduha,ˈʋozduhɑ,ˈvozdˌuɑ,3
livonian,ingrian,ylpiä,ˈylpiæ,ˈllpi,2
livonian,ingrian,kututella,ˈkutuˌtelːɑ,ˈkututˌellɑ,3
livonian,ingrian,jermakka,ˈjermɑkːɑ,ˈjermɑˌkkɑ,2
livonian,ingrian,jyllätä,ˈjylːætæ,ˈjlllæt,3
livonian,ingrian,pessiissä,ˈpesːiːsːæ,ˈpessiiss,4
livonian,ingrian,bankivakana,ˈbɑŋkiʋɑˌkɑnɑ,ˈbɑnkivɑˌɑkɑnɑ,3
livonian,ingrian,ohahtaa,ˈohɑhtɑː,ˈohɑˌtɑɑ,2
livonian,ingrian,seppo,ˈsepːo,ˈseppo,1
livonian,ingrian,kloksuttaa,ˈkloksutːɑː,ˈkloksˌtttɑɑ,4
livonian,ingrian,muskula,ˈmuskulɑ,ˈmusˌkulɑ,1
livonian,ingrian,kommia,ˈkomiɑ,ˈkommiɑ,1
livonian,ingrian,hyvvää iltaa,ˈhyʋæː ˈiltɑː,ˈhɑvˌvæːiltɑɑ,7
livonian,ingrian,viuhkaa,ˈʋiu̯hkɑː,ˈviuˌkɑɑ,4
livonian,ingrian,kysellä,ˈkyselːæ,ˈkɑsellæ,2
livonian,ingrian,laulaa,ˈlɑu̯lɑː,ˈlɑulɑɑ,2
livonian,ingrian,kuivahtaa,ˈkui̯ʋɑhtɑː,ˈkuivɑˌtɑtɑ,5
livonian,ingrian,kynsvars,ˈkynsiˌʋɑrsi,ˈkɑnˌsvɑrs,6
livonian,ingrian,krokodila,ˈkrokodilɑ,ˈkrokoddiɑ,2
livonian,ingrian,hattula,ˈhɑtːulɑ,ˈhɑtˌtulɑ,2
livonian,ingrian,kukkalatva,ˈkukːɑˌlɑtʋɑ,ˈkukkɑlɑɑtɑ,4
livonian,ingrian,koivumetsä,ˈkoi̯ʋuˌmet͡sæ,ˈkoivumets,5
livonian,ingrian,kulkku,ˈkulkːu,ˈkulkˌu,1
livonian,ingrian,kirkkoaika,ˈkirkːoˌɑi̯kɑ,ˈkirkˌkɑikɑ,4
livonian,ingrian,latvamuna,ˈlɑtʋɑˌmunɑ,ˈlɑtvɑˌmuunɑ,2
livonian,ingrian,marjaviina,ˈmɑrjɑˌʋiːnɑ,ˈmɑrjɑˌviinɑ,2
livonian,ingrian,vinguttaa,ˈʋiŋɡutːɑː,ˈvinɡutttɑɑ,5
livonian,ingrian,sitta,ˈsitːɑ,ˈsittɑ,1
livonian,ingrian,nyttä,ˈnytːæ,ˈnɑttæ,2
livonian,ingrian,hää,ˈhæː,ˈhææ,1
livonian,ingrian,naimiskauppa,ˈnɑi̯misˌkɑu̯pːɑ,ˈnɑimisˌkɑppɑ,4
livonian,ingrian,soettaa,ˈsoetːɑː,ˈsoetˌtɑ,3
livonian,ingrian,hyväntapain,ˈhyʋænˌtɑpɑi̯ne,ˈhɑvænntɑˌɑiɑn,6
livonian,ingrian,arkipäivä,ˈɑrkiˌpæi̯ʋæ,ˈɑrkipæiv,4
livonian,ingrian,jyrissä,ˈjyrisːæ,ˈjlriss,3
livonian,ingrian,ämmäin,ˈæmːæi̯ne,ˈæmmæin,3
livonian,ingrian,puuitikka,ˈpuːˌitikːɑ,ˈpuuitikɑ,3
livonian,ingrian,taimilava,ˈtɑi̯miˌlɑʋɑ,ˈtɑimilɑɑ,3
livonian,ingrian,laatka,ˈlɑːtkɑ,ˈlɑɑtkɑ,1
livonian,ingrian,käkö,ˈkækø,ˈkæko,1
livonian,ingrian,maamunapumppu,ˈmɑːˌmunɑˌpumpːu,ˈmɑɑmˌnɑˌpupup,6
livonian,ingrian,tuntaa,ˈtuntɑː,ˈtuntɑɑ,1
livonian,ingrian,kirkassuttaa,ˈkirkɑsːutːɑː,ˈkirɑɑsstuttɑɑ,5
livonian,ingrian,revontulet,ˈreʋonˌtulet,ˈrevonntˌuuet,4
livonian,ingrian,yliotsa,ˈyliˌot͡sɑ,ˈlliotsɑ,3
livonian,ingrian,rovnoist,ˈroʋnoi̯stɑ,ˈrovnoist,3
livonian,ingrian,lankapaita,ˈlɑŋkɑˌpɑi̯tɑ,ˈlɑnkɑˌpɑitɑ,2
livonian,ingrian,romaškacaaju,ˈromɑʃkɑˌt͡ʃɑːju,ˈromɑʃˌkɑːɑˌɑju,6
livonian,ingrian,ityjauha,ˈityˌjɑu̯hɑ,ˈitˌjjɑuɑ,4
livonian,ingrian,röllölä,ˈrølːølæ,ˈrollol,4
livonian,ingrian,kiistaamiin,ˈkiːstɑːmine,ˈkiistɑɑmim,4
livonian,ingrian,muilata,ˈmui̯lɑtɑ,ˈmuilɑtɑ,1
livonian,ingrian,toomipuu,ˈtoːmiˌpuː,ˈtoomiˌpuuu,3
livonian,ingrian,maakangas,ˈmɑːˌkɑŋɡɑs,ˈmɑɑkɑˌnɡɑs,4
livonian,ingrian,salvattu,ˈsɑlʋɑtːu,ˈsɑlvɑtttu,3
livonian,ingrian,maatöö,ˈmɑːˌtøː,ˈmɑɑtoː,3
livonian,ingrian,greecina,ˈɡreːt͡ʃinɑ,ˈɡreeˌvinɑ,4
livonian,ingrian,nakareikä,ˈnɑkɑˌrei̯kæ,ˈnɑkɑrˌikk,4
livonian,ingrian,kotisorsa,ˈkotiˌsorsɑ,ˈkotisˌorsɑ,2
livonian,ingrian,putešestvenikka,ˈputeʃestʋenikːɑ,ˈputeʃestenikɑ,2
livonian,ingrian,uutukas,ˈuːtukɑs,ˈuutukɑs,1
livonian,ingrian,molommat,ˈmolomːɑt,ˈmolommɑt,1
livonian,ingrian,oppihussa,ˈopːiˌhusːɑ,ˈopːiˌpusɑ,2
livonian,ingrian,puhaskirjutos,ˈpuhɑsˌkirjutos,ˈpuːɑsˌkiutuos,4
livonian,ingrian,voonain,ˈʋoːnɑi̯ne,ˈvoonɑin,4
livonian,ingrian,päänikka,ˈpæːnikːɑ,ˈpæænikkɑ,2
livonian,ingrian,kroolikka,ˈkroːlikːɑ,ˈkroolikɑ,2
livonian,ingrian,lahe,ˈlɑhe,ˈlɑʃe,1
livonian,ingrian,ruiskuilas,ˈru.isˌkui̯lɑs,ˈriiˌkuilɑs,4
livonian,ingrian,syrjysammal,ˈsyrjyˌsɑmːɑl,ˈsɑrjˌsɑmmɑl,3
livonian,ingrian,karttaa,ˈkɑrtːɑː,ˈkɑrttɑɑ,2
livonian,ingrian,maapaikka,ˈmɑːˌpɑi̯kːɑ,ˈmɑɑpɑˌkkkɑ,5
livonian,ingrian,akanpala,ˈɑkɑnˌpɑlɑ,ˈɑkɑnpɑɑlɑ,2
livonian,ingrian,neljältää,ˈneljæltæː,ˈneljˌltˌææ,3
livonian,ingrian,havumetsä,ˈhɑʋuˌmet͡sæ,ˈhɑvumets,4
livonian,ingrian,pillatöö,ˈpilːɑˌtøː,ˈpilːɑˌtuoː,2
livonian,ingrian,raputella,ˈrɑpuˌtelːɑ,ˈrɑputeelɑ,3
livonian,ingrian,inkeri,ˈiŋkeri,ˈinˌeei,3
livonian,ingrian,töö,ˈtøː,ˈtoː,1
livonian,ingrian,voipata,ˈʋoi̯ˌpɑtɑ,ˈvoipɑtɑ,3
livonian,ingrian,ehtiissä,ˈehtiːsːæ,ˈeʃtiiss,4
livonian,ingrian,prullistaa,ˈprulːistɑː,ˈpruliistɑɑ,2
livonian,ingrian,taukeemiin,ˈtɑu̯keːmine,ˈtɑuˌkeemi,4
livonian,ingrian,martti,ˈmɑrtːi,ˈmɑrti,1
livonian,ingrian,kirjamees,ˈkirjɑˌmeːs,ˈkirjɑˌmees,1
livonian,ingrian,karsina,ˈkɑrsinɑ,ˈkɑrˌinnɑ,2
livonian,ingrian,jauhokivi,ˈjɑu̯hoˌkiʋi,ˈjɑuˌokivi,4
livonian,ingrian,luu,ˈluː,ˈluu,1
livonian,ingrian,hätäapi,ˈhætæˌɑpi,ˈhætæɑpi,1
livonian,ingrian,vesilätikkä,ˈʋesiˌlætikːæ,ˈvesilætikk,4
livonian,ingrian,seissa,ˈsei̯sːɑ,ˈseissɑ,2
livonian,ingrian,puistaa,ˈpui̯stɑː,ˈpuistɑɑ,2
livonian,ingrian,umpimaho,ˈumpiˌmɑho,ˈumpimɑˌt,3
livonian,ingrian,balagana,ˈbɑlɑɡɑnɑ,ˈbɑlɑɡɑɑnɑ,1
livonian,ingrian,bläädi,ˈblæːdi,ˈblæædi,1
livonian,ingrian,piirakoille,ˈpiːrɑkoi̯lːe,ˈpiiɑˌkoill,6
livonian,ingrian,vari,ˈʋɑri,ˈvɑri,1
livonian,ingrian,uve,ˈuʋe,ˈuve,1
livonian,ingrian,estäjä,ˈestæjæ,ˈestæj,1
livonian,ingrian,sikäläin,ˈsikælæi̯ne,ˈsikælˌæin,3
livonian,ingrian,tavalliin,ˈtɑʋɑlːine,ˈtɑvɑlliin,4
livonian,ingrian,niitto,ˈniːtːo,ˈniitto,2
livonian,ingrian,ratasmaasteri,ˈrɑtɑsˌmɑːsteri,ˈrɑtɑˌsɑmstˌriːi,6
livonian,ingrian,ahtaa söövvä,ˈɑhtɑː ˈsøːʋːæ,ˈɑhtɑɑˌsoːvv,7
livonian,ingrian,rätsinä,ˈræt͡sinæ,ˈrætsinæ,1
livonian,ingrian,klonksu,ˈkloŋksu,ˈklonksu,1
livonian,ingrian,osnovnoi,ˈosnoʋnoi̯,ˈosnovˌnoi,3
livonian,ingrian,lusikalliin,ˈlusikɑlːine,ˈlusikɑllii,3
livonian,ingrian,koi,ˈkoi̯,ˈkoi,1
livonian,ingrian,pruukata,ˈpruːkɑtɑ,ˈpruukɑtɑ,1
livonian,ingrian,koiranuni,ˈkoi̯rɑnˌuni,ˈkoirɑˌnuni,3
livonian,ingrian,takujalka,ˈtɑkuˌjɑlkɑ,ˈtɑkujɑˌlkɑ,2
livonian,ingrian,kuuhut,ˈkuːhut,ˈkuuˌut,2
livonian,ingrian,jalkamuna,ˈjɑlkɑˌmunɑ,ˈjɑlkɑˌmuunɑ,1
livonian,ingrian,lanttupiirakka,ˈlɑntːuˌpiːrɑkːɑ,ˈlɑntˌpiirɑkɑ,4
livonian,ingrian,tovvi,ˈtoʋːi,ˈtovvi,2
livonian,ingrian,särkiissä,ˈsærkiːsːæ,ˈsærkiss,3
livonian,ingrian,mööhä,ˈmøːhæ,ˈmuoˌæ,3
livonian,ingrian,päi,ˈpæi̯,ˈpæi,1
livonian,ingrian,taittaa,ˈtɑi̯tːɑː,ˈtɑitˌtɑɑ,4
livonian,ingrian,törkkiä,ˈtørkːiæ,ˈtorkki,3
livonian,ingrian,harveta,ˈhɑrʋetɑ,ˈhɑrvetɑ,1
livonian,ingrian,hepoin,ˈhepoi̯ne,ˈhepoin,2
livonian,ingrian,vaskiraha,ˈʋɑskiˌrɑhɑ,ˈvɑsˌkirɑ,5
livonian,ingrian,matkalain,ˈmɑtkɑlɑi̯ne,ˈmɑtkɑˌlɑin,3
livonian,ingrian,veerättää,ˈʋeːrætːæː,ˈveerættˌtææ,6
livonian,ingrian,kukkaaika,ˈkukːɑˌɑi̯kɑ,ˈkukkɑˌɑikɑ,2
livonian,ingrian,vähentyä,ˈʋæhentyæ,ˈvæːentˌsɑː,6
livonian,ingrian,taano,ˈtɑːno,ˈtɑɑno,1
livonian,ingrian,jälest,ˈjælestæ,ˈjælest,1
livonian,ingrian,peräpykämä,ˈperæˌpykæmæ,ˈperæpˌkukm,5
livonian,ingrian,määrätä,ˈmæːrætæ,ˈmææræt,2
livonian,ingrian,hiljain,ˈhiljɑi̯ne,ˈhiljɑin,2
livonian,ingrian,latinalain,ˈlɑtinɑˌlɑi̯ne,ˈlɑtinɑˌlɑin,2
livonian,ingrian,vedra,ˈʋedrɑ,ˈvedrɑ,1
livonian,ingrian,gruušapuu,ˈɡruːʃɑˌpuː,ˈɡruuʃɑˌpuuu,3
livonian,ingrian,rasseli,ˈrɑsːeli,ˈrɑsseli,1
livonian,ingrian,tammisikko,ˈtɑmːisikːo,ˈtɑmːisikk,2
livonian,ingrian,ussia,ˈusiɑ,ˈusːiɑ,1
livonian,ingrian,kaivaa,ˈkɑi̯ʋɑː,ˈkɑivɑɑ,3
livonian,ingrian,esimerkilliin,ˈesiˌmerkilːine,ˈesimerˌkili,5
livonian,ingrian,progona,ˈproɡonɑ,ˈproɡoonɑ,1
livonian,ingrian,oennella,ˈoenːelːɑ,ˈoenˌnelɑ,3
livonian,ingrian,vartta,ˈʋɑrtːɑ,ˈvɑrttɑ,2
livonian,ingrian,aivina,ˈɑi̯ʋinɑ,ˈɑivinɑ,2
livonian,ingrian,illaal,ˈilːɑlːɑ,ˈilːɑɑl,3
livonian,ingrian,issukkivooro,ˈisːukːiˌʋoːro,ˈissukiˌvooro,4
livonian,ingrian,toimitussana,ˈtoi̯mitusˌsɑnɑ,ˈtoimitˌtusɑnɑ,4
livonian,ingrian,tere iltaa,ˈtere ˈiltɑː,ˈtereːiltɑtɑ,4
livonian,ingrian,izdateljstva,ˈizdɑtelʲstʋɑ,ˈizdɑteestsɑ,3
livonian,ingrian,siiru,ˈsiːru,ˈsiiru,1
livonian,ingrian,paasto,ˈpɑːsto,ˈpɑɑsto,1
livonian,ingrian,eroittaa,ˈeroi̯tːɑː,ˈeroittɑɑ,3
livonian,ingrian,mukain,ˈmukɑi̯ne,ˈmukɑin,2
livonian,ingrian,hohlamees,ˈhohlɑˌmeːs,ˈhoːlɑˌmees,2
livonian,ingrian,panna lämpimää,ˈpɑnːɑ ˈlæmpimæː,ˈpɑnnɑˌlæːimm,7
livonian,ingrian,lehmä,ˈlehmæ,ˈleˌmm,2
livonian,ingrian,ilve,ˈilʋe,ˈilve,1
livonian,ingrian,helmiin,ˈhelmiːn,ˈhelmiin,1
livonian,ingrian,poolest,ˈpoːlestɑ,ˈpoolest,2
livonian,ingrian,rakko,ˈrɑkːo,ˈrɑkko,1
livonian,ingrian,meiks,ˈmei̯kse,ˈmeiks,2
livonian,ingrian,rasvamuila,ˈrɑsʋɑˌmui̯lɑ,ˈrɑsvɑˌmuilɑ,2
livonian,ingrian,summa,ˈsumːɑ,ˈsummɑ,1
livonian,ingrian,mainita,ˈmɑi̯nitɑ,ˈmɑinitɑ,1
livonian,ingrian,tyttörukka,ˈtytːøˌrukːɑ,ˈtɑttˌrukkɑ,4
livonian,ingrian,esiperin,ˈesiˌperin,ˈesiperin,1
livonian,ingrian,maahaltias,ˈmɑːˌhɑltiɑs,ˈmɑɑˌɑltitɑ,4
livonian,ingrian,visata,ˈʋisɑtɑ,ˈvisɑtɑ,1
livonian,ingrian,tetretti,ˈtetretːi,ˈtetretti,1
livonian,ingrian,joršši,ˈjorʃːi,ˈjorʃʃ,2
livonian,ingrian,perämees,ˈperæˌmeːs,ˈperæˌmees,1
livonian,ingrian,kavvaks,ˈkɑʋːɑkse,ˈkɑvvɑˌks,4
livonian,ingrian,napakka,ˈnɑpɑkːɑ,ˈnɑpɑˌkɑ,2
livonian,ingrian,perätystee,ˈperætysteː,ˈperætstsee,3
livonian,ingrian,kurttaa,ˈkurtːɑː,ˈkurttɑɑ,2
livonian,ingrian,viittä,ˈʋiːtːæ,ˈviittæ,3
livonian,ingrian,näkkyä,ˈnækyæ,ˈnækˌkɑː,4
livonian,ingrian,kanappia,ˈkɑnɑpːiɑ,ˈkɑnɑppiɑ,1
livonian,ingrian,pellovain,ˈpelːoʋɑi̯ne,ˈpellovɑin,4
livonian,ingrian,pääsiäin,ˈpæːsi.æi̯ne,ˈpææsiˌin,5
livonian,ingrian,loukku,ˈlou̯kːu,ˈloukku,2
livonian,ingrian,maslitsa,ˈmɑslit͡sɑ,ˈmɑslitsɑ,1
livonian,ingrian,ommella,ˈomːelːɑ,ˈommellɑ,2
livonian,ingrian,neegla,ˈneːɡlɑ,ˈneeɡlɑ,1
livonian,ingrian,kisloroda,ˈkislorodɑ,ˈkisloroodɑ,1
livonian,ingrian,kistocka,ˈkistot͡ʃkɑ,ˈkistookɑ,3
livonian,ingrian,emäpuu,ˈemæˌpuː,ˈemæˌpuu,1
livonian,ingrian,alapooli,ˈɑlɑˌpoːli,ˈɑlɑpooli,2
livonian,ingrian,ämmö,ˈæmːø,ˈæmm,2
livonian,ingrian,kannikka,ˈkɑnːikːɑ,ˈkɑnˌikːɑ,1
livonian,ingrian,aluttaa,ˈɑlutːɑː,ˈɑluttɑɑ,2
livonian,ingrian,hiisnikka,ˈhiːsnikːɑ,ˈhiisnikɑ,2
livonian,ingrian,särkiä,ˈsærkiæ,ˈsærki,1
livonian,ingrian,grььža,ˈɡrɨːʒɑ,ˈɡroːʒɑ,1
livonian,ingrian,veeriäin,ˈʋeːrijæi̯ne,ˈveeriˌin,6
livonian,ingrian,pärekatto,ˈpæreˌkɑtːo,ˈpærekɑtt,3
livonian,ingrian,piätös,ˈpiætøs,ˈpiætos,1
livonian,ingrian,siiva,ˈsiːʋɑ,ˈsiivɑ,2
livonian,ingrian,maistua,ˈmɑi̯stuɑ,ˈmɑisˌtuɑ,2
livonian,ingrian,cecevitsa,ˈt͡ʃet͡ʃeʋit͡sɑ,ˈoeoevitsɑ,8
livonian,ingrian,pölätä,ˈpølætæ,ˈpolætæ,1
livonian,ingrian,kalanpyytö,ˈkɑlɑnˌpyːtø,ˈkɑlɑˌnpɑːt,4
livonian,ingrian,karvaverkko,ˈkɑrʋɑˌʋerkːo,ˈkɑrvɑˌveːkk,5
livonian,ingrian,korissa,ˈkorisːɑ,ˈkorissɑ,1
livonian,ingrian,antaa suuta,ˈɑntɑː ˈsuːtɑ,ˈɑntɑɑˌsuutɑ,4
livonian,ingrian,tocka,ˈtot͡ʃkɑ,ˈtoːkɑ,3
livonian,ingrian,hulkkuri,ˈhulkːuri,ˈhulkˌkuri,2
livonian,ingrian,hirvistää,ˈhirʋistæː,ˈhirvistˌææ,3
livonian,ingrian,rinnakas,ˈrinːɑkɑs,ˈrinˌɑɑkɑ,3
livonian,ingrian,könkörä,ˈkøŋkøræ,ˈkonˌkor,5
livonian,ingrian,onnekasta joulua!,ˈonːekɑstɑ ˈjou̯luɑ,ˈonnekɑˌsɑˌluoɑ,10
livonian,ingrian,jutella,ˈjutelːɑ,ˈjutellɑ,1
livonian,ingrian,hävittää,ˈhæʋitːæː,ˈhævitˌtææ,4
livonian,ingrian,hyvämakuin,ˈhyʋæˌmɑkui̯ne,ˈhɑvæmɑˌɑkui,8
livonian,ingrian,kävellä,ˈkæʋelːæ,ˈkævellæ,2
livonian,ingrian,sovhoza,ˈsoʋhozɑ,ˈsovˌtozɑ,3
livonian,ingrian,oppihua,ˈopːihuɑ,ˈopːiˌuɑ,1
livonian,ingrian,palmikko,ˈpɑlmikːo,ˈpɑlmikk,2
livonian,ingrian,toohitooppi,ˈtoːhiˌtoːpːi,ˈtooiˌtoopi,4
livonian,ingrian,tihti,ˈtihti,ˈtitti,1
livonian,ingrian,dispetcera,ˈdispett͡ʃerɑ,ˈdispeˌtuːrɑ,4
livonian,ingrian,fookusnikka,ˈfoːkusnikːɑ,ˈfookusˌnikɑ,3
livonian,ingrian,yheksikkö,ˈyheksikːø,ˈɑeeksikk,4
livonian,ingrian,ahtaa,ˈɑhtɑː,ˈɑʃtɑɑ,2
livonian,ingrian,naiselokas,ˈnɑi̯sˌelokɑs,ˈnɑiseˌlokɑs,3
livonian,ingrian,haissa,ˈhɑi̯sːɑ,ˈhɑissɑ,2
livonian,ingrian,yläsokka,ˈylæˌsokːɑ,ˈllæsˌokkɑ,4
livonian,ingrian,vähemmän,ˈʋæhemːæn,ˈvæːemmmæ,5
livonian,ingrian,snaakka,ˈsnɑːkːɑ,ˈsnɑɑkkɑ,2
livonian,ingrian,sinkkiin,ˈsiŋkːiːn,ˈsinkˌiin,3
livonian,ingrian,lumipamppu,ˈlumiˌpɑmpːu,ˈlumipɑˌmppu,3
livonian,ingrian,huimattaa,ˈhui̯mɑtːɑː,ˈhuimɑtttɑɑ,4
livonian,ingrian,maaheinä,ˈmɑːˌhei̯næ,ˈmɑɑˌein,4
livonian,ingrian,hötissä,ˈhøtisːæ,ˈhotiss,3
livonian,ingrian,nerva,ˈnerʋɑ,ˈnervɑ,1
livonian,ingrian,yletä,ˈyletæ,ˈlletæ,1
livonian,ingrian,salajutto,ˈsɑlɑˌjutːo,ˈsɑlɑjutto,2
livonian,ingrian,tsirkka,ˈt͡sirkːɑ,ˈtsirkkɑ,2
livonian,ingrian,avtora,ˈɑftorɑ,ˈɑvtorɑ,1
livonian,ingrian,leningrad,ˈleniŋɡrɑd,ˈleniˌnɡrɑd,2
livonian,ingrian,vesimaonkotain,ˈʋesiˌmɑonˌkotɑi̯ne,ˈvesimɑˌnokoiɑn,8
livonian,ingrian,kommia,ˈkomijɑ,ˈkommiɑ,2
livonian,ingrian,alempain,ˈɑlempɑi̯ne,ˈɑlemˌpɑin,3
livonian,ingrian,raaka,ˈrɑːkɑ,ˈrɑɑkɑ,1
livonian,ingrian,jakutti,ˈjɑkutːi,ˈjɑkuti,1
livonian,ingrian,konslee,ˈkonsleː,ˈkonslee,1
livonian,ingrian,petäjälatva,ˈpetæjæˌlɑtʋɑ,ˈpetæˌjulɑtɑ,4
livonian,ingrian,vanhajoulu,ˈʋɑnɑˌjou̯lu,ˈvɑnˌɑˌjouluu,4
livonian,ingrian,baaba,ˈbɑːbɑ,ˈbɑɑbɑ,1
livonian,ingrian,viimän,ˈʋiːmæn,ˈviimæn,2
livonian,ingrian,laulaja,ˈlɑu̯lɑjɑ,ˈlɑulɑjɑ,1
livonian,ingrian,palttina,ˈpɑltːinɑ,ˈpɑltˌiinɑ,2
livonian,ingrian,kotiisäntä,ˈkotiˌisæntæ,ˈkotiisˌnt,3
livonian,ingrian,ukleikka,ˈuklei̯kːɑ,ˈukleikɑ,2
livonian,ingrian,toimittaa,ˈtoi̯mitːɑː,ˈtoimitttɑɑ,4
livonian,ingrian,kurissos,ˈkurisːos,ˈkurisso,2
livonian,ingrian,loont,ˈloːntɑ,ˈloont,2
livonian,ingrian,venutella,ˈʋenutelːɑ,ˈvenutˌellɑ,3
livonian,ingrian,alaselys,ˈɑlɑˌselys,ˈɑlɑsˌels,3
livonian,ingrian,lypsäjä,ˈlypsæjæ,ˈlɑpsˌju,3
livonian,ingrian,varpaiset,ˈʋɑrpɑi̯set,ˈvɑrpɑist,3
livonian,ingrian,yhenlaajain,ˈyhenlɑːjɑi̯ne,ˈɑeenlɑˌɑɑji,8
livonian,ingrian,alkuškoulu,ˈɑlkuˌʃkou̯lu,ˈɑlkuʃˌkoulu,3
livonian,ingrian,nännänpää,ˈnænːænˌpæː,ˈnænnˌnˌpææ,3
livonian,ingrian,syvennös,ˈsyʋenːøs,ˈsɑvennns,4
livonian,ingrian,saunaallas,ˈsɑu̯nɑˌɑlːɑs,ˈsɑunɑɑˌlllɑ,5
livonian,ingrian,kraaska,ˈkrɑːskɑ,ˈkrɑɑskɑ,1
livonian,ingrian,stolovoi,ˈstoloʋoi̯,ˈstolovoi,2
livonian,ingrian,ahava,ˈɑhɑʋɑ,ˈɑʃɑvɑ,2
livonian,ingrian,hooletoin,ˈhoːletoi̯n,ˈhoolettoin,3
livonian,ingrian,oktjabrikuu,ˈoktʲɑbriˌkuː,ˈoktjɑbiˌkuuu,4
livonian,ingrian,translativa,ˈtrɑnslɑtiʋɑ,ˈtrɑnslɑtivɑ,1
livonian,ingrian,toohivakka,ˈtoːhiˌʋɑkːɑ,ˈtooˌivɑˌkɑkɑ,6
livonian,ingrian,kallio,ˈkɑljo,ˈkɑlːi,2
livonian,ingrian,esi-,ˈesi-,ˈesi,1
livonian,ingrian,essiiva,ˈesːiːʋɑ,ˈessiivɑ,3
livonian,ingrian,kalapiirakka,ˈkɑlɑˌpiːrɑkːɑ,ˈkɑlɑˌiirɑkɑ,3
livonian,ingrian,kirkastua,ˈkirkɑstuɑ,ˈkirkɑˌstuɑ,1
livonian,ingrian,hervi,ˈherʋi,ˈhervi,1
livonian,ingrian,kultoin,ˈkultoi̯ne,ˈkultoin,2
livonian,ingrian,lämmetä,ˈlæmːetæ,ˈlæmmet,2
livonian,ingrian,heenoluin,ˈheːnoˌlui̯ne,ˈheenooluin,4
livonian,ingrian,lakoittaa,ˈlɑkoi̯tːɑː,ˈlɑkoitttɑɑ,3
livonian,ingrian,kerraal,ˈkerːɑlːɑ,ˈkerrɑɑl,4
livonian,ingrian,käppiä,ˈkæpiæ,ˈkæpːi,2
livonian,ingrian,alaspäin,ˈɑlɑsˌpæi̯,ˈɑlɑsˌpæin,1
livonian,ingrian,suutkat,ˈsuːtkɑt,ˈsuutkɑt,1
livonian,ingrian,korjahus,ˈkorjɑhus,ˈkorjɑˌsus,2
livonian,ingrian,malketa,ˈmɑlketɑ,ˈmɑlˌketɑ,1
livonian,ingrian,lentämä,ˈlentæmæ,ˈlentˌmm,2
livonian,ingrian,geografia,ˈɡeo.ɡrɑfiɑ,ˈɡeoɡrɑˌɑiɑ,3
livonian,ingrian,polopoika,ˈpoloˌpoi̯kɑ,ˈpolopoikɑ,2
livonian,ingrian,näin,ˈnæ.in,ˈnæin,1
livonian,ingrian,lohkiissa,ˈlohkiːsːɑ,ˈloʃkiisɑ,3
livonian,ingrian,jaakko,ˈjɑːkːo,ˈjɑɑkko,2
livonian,ingrian,yheksäntoist kymmenäs,ˈyheksæntoi̯stɑ ˈkymːenæs,ˈseeksˌntoists,14
livonian,ingrian,tahra,ˈtɑhrɑ,ˈtɑːrɑ,1
livonian,ingrian,kylänvahti,ˈkylænˌʋɑhti,ˈkɑlæˌnvɑti,5
livonian,ingrian,pettelikkodurakka,ˈpetːelikːoˌdurɑkːɑ,ˈpetteikˌkuorkɑ,8
livonian,ingrian,aijaa olutta,ˈɑjɑː ˈolutːɑ,ˈɑijɑɑˌoolttɑ,6
livonian,ingrian,mookkahus,ˈmoːkːɑhus,ˈmookkɑˌsuus,5
livonian,ingrian,kedrätä,ˈkedrætæ,ˈkedræt,1
livonian,ingrian,saviallas,ˈsɑʋiˌɑlːɑs,ˈsɑviɑˌllɑs,4
livonian,ingrian,näkköin,ˈnækːøi̯n,ˈnækˌkoin,4
livonian,ingrian,pikastua,ˈpikɑstuɑ,ˈpikɑˌstuɑ,1
livonian,ingrian,järestää,ˈjærestæː,ˈjærestˌææ,2
livonian,ingrian,meehusta,ˈmeːhustɑ,ˈmeeˌtustɑ,3
livonian,ingrian,päähiäin,ˈpæːhijæi̯ne,ˈpææˌiiin,6
livonian,ingrian,veerre,ˈʋeːrːe,ˈveerre,3
livonian,ingrian,sahhaaja,ˈsɑhɑːjɑ,ˈsɑʃˌɑɑjɑ,3
livonian,ingrian,vrednoi,ˈʋrednoi̯,ˈvrednoi,2
livonian,ingrian,kartta,ˈkɑrtːɑ,ˈkɑrttɑ,1
livonian,ingrian,lehmuri,ˈlehmuri,ˈleːˌmuri,2
livonian,ingrian,manahka,ˈmɑnɑhkɑ,ˈmɑnɑˌkɑ,1
livonian,ingrian,varenja,ˈʋɑrenjɑ,ˈvɑrenɑ,2
livonian,ingrian,lakiain,ˈlɑkijɑi̯ne,ˈlɑkiɑin,3
livonian,ingrian,maahiin,ˈmɑːhine,ˈmɑɑˌiin,4
livonian,ingrian,sannikkain,ˈsɑnːikːɑi̯ne,ˈsɑnnikkɑi,5
livonian,ingrian,irissä,ˈirisːæ,ˈiriss,2
livonian,ingrian,nimensihalliin,ˈnimenˌsihɑlːine,ˈnimenˌsiɑli,4
livonian,ingrian,toohitörkkä,ˈtoːhiˌtørkːæ,ˈtooiˌtuːkk,6
livonian,ingrian,käppiäst,ˈkæpiæstæ,ˈkæpːisst,3
livonian,ingrian,selkäpiiluu,ˈselkæˌpiːˌluː,ˈselkˌpiiluu,4
livonian,ingrian,lähtiisvers,ˈlæhtiːsˌʋers,ˈlæːtiiˌsevrs,5
livonian,ingrian,veri,ˈʋeri,ˈveri,1
livonian,ingrian,maarit,ˈmɑːrit,ˈmɑɑrit,1
livonian,ingrian,opettaa,ˈopetːɑː,ˈopetˌtɑ,3
livonian,ingrian,siun,ˈsiu̯n,ˈsiun,1
livonian,ingrian,loppukesä,ˈlopːuˌkesæ,ˈlopˌukes,3
livonian,ingrian,meekäs,ˈme.ekæs,ˈmeekˌs,2
livonian,ingrian,neljätoist kymmenäs,ˈneljætoi̯stɑ ˈkymːenæs,ˈneljˌtoistˌnis,11
livonian,ingrian,päässä,ˈpæːsːæ,ˈpææssæ,2
livonian,ingrian,tantsi,ˈtɑnt͡si,ˈtɑntsi,1
livonian,ingrian,tytärlentämä,ˈtytærˌlentæmæ,ˈtɑtærˌlentm,3
livonian,ingrian,lyhykkäin,ˈlyhykːæi̯ne,ˈlɑːˌkkːin,7
livonian,ingrian,tamožnikka,ˈtɑmoʒnikːɑ,ˈtɑmoʒˌnikɑ,2
livonian,ingrian,tirissä,ˈtirisːæ,ˈtiriss,2
livonian,ingrian,budilnikka,ˈbudilnikːɑ,ˈbudilnikɑ,1
livonian,ingrian,soutaa,ˈsou̯tɑː,ˈsoutɑɑ,2
livonian,ingrian,ätsimä,ˈæt͡simæ,ˈætsim,2
livonian,ingrian,sukunimi,ˈsukuˌnimi,ˈsukunimi,1
livonian,ingrian,palkki,ˈpɑlkːi,ˈpɑlkki,1
livonian,ingrian,moskova,ˈmoskoʋɑ,ˈmoskovɑ,1
livonian,ingrian,tyttö,ˈtytːø,ˈtɑtto,3
livonian,ingrian,riuku,ˈriu̯ku,ˈriuku,1
livonian,ingrian,kaatiat,ˈkɑːtiɑt,ˈkɑɑtiɑt,1
livonian,ingrian,yhtä,ˈyhtæ,ˈɑʃtæ,2
livonian,ingrian,nagreskapusta,ˈnɑɡresˌkɑpustɑ,ˈnɑɡresˌkɑpstɑ,1
livonian,ingrian,lahjoittaa,ˈlɑhjoi̯tːɑː,ˈlɑˌjoitttɑɑ,4
livonian,ingrian,koittaa,ˈkoi̯tːɑː,ˈkoitˌɑɑ,3
livonian,ingrian,konsonanttabukva,ˈkonsoˌnɑntːɑˌbukʋɑ,ˈkonsonnɑˌtɑˌkuːvɑ,6
livonian,ingrian,olenitalohus,ˈoleniˌtɑlohus,ˈolenitɑˌlols,4
livonian,ingrian,pettypiimä,ˈpetːyˌpiːmæ,ˈpettˌpiim,4
livonian,ingrian,jäähytellä,ˈjæːhytelːæ,ˈjææˌsteel,6
livonian,ingrian,zoona,ˈzoːnɑ,ˈzoonɑ,1
livonian,ingrian,häilyä,ˈhæi̯lyæ,ˈhæilˌmæ,3
livonian,ingrian,oopьtta,ˈoːpɨtːɑ,ˈoopottɑ,3
livonian,ingrian,tappaa,ˈtɑpɑː,ˈtɑpːɑɑ,2
livonian,ingrian,aivot,ˈɑi̯ʋot,ˈɑivot,2
livonian,ingrian,hoomus,ˈhoːmus,ˈhoomuus,2
livonian,ingrian,rättinä,ˈrætːinæ,ˈrætˌinn,2
livonian,ingrian,hässiä,ˈhæsːiæ,ˈhæssi,2
livonian,ingrian,puhasliitsain,ˈpuhɑsˌliːt͡sɑi̯ne,ˈpuːɑsliistin,8
livonian,ingrian,kiire,ˈkiːre,ˈkiire,1
livonian,ingrian,puhhua,ˈpuhuɑ,ˈpuʃˌuɑ,2
livonian,ingrian,kirjava pouta,ˈkirjɑʋɑ ˈpou̯tɑ,ˈkirɑˌvɑːˌpoptɑ,7
livonian,ingrian,väkkäräpuu,ˈʋækːæræˌpuː,ˈvækˌkærˌpuuu,6
livonian,ingrian,bašmakki,ˈbɑʃmɑkːi,ˈbɑʃmɑˌkki,2
livonian,ingrian,inhotos,ˈinotos,ˈintotoos,2
livonian,ingrian,miltain,ˈmiltɑi̯ne,ˈmiltɑin,2
livonian,ingrian,viiru,ˈʋiːru,ˈviiru,2
livonian,ingrian,päähä,ˈpæːhæ,ˈpææˌæ,2
livonian,ingrian,sukurikukka,ˈsukuriˌkukːɑ,ˈsukuriˌkukɑ,1
livonian,ingrian,hyvvää matkaa,ˈhyʋæː ˈmɑtkɑː,ˈhɑvvvææːmɑˌtɑkɑ,10
livonian,ingrian,konvertti,ˈkonʋertːi,ˈkonverti,2
livonian,ingrian,nappu,ˈnɑpːu,ˈnɑppu,1
livonian,ingrian,kimalain,ˈkimɑlɑi̯ne,ˈkimɑlɑin,2
livonian,ingrian,taka-,ˈtɑkɑ-,ˈtɑkɑˌ,1
livonian,ingrian,kylvömašina,ˈkylʋøˌmɑʃinɑ,ˈkɑlvomɑˌʃiʃnɑ,6
livonian,ingrian,lankiissa,ˈlɑŋkiːsːɑ,ˈlɑnkiissɑ,3
livonian,ingrian,puuomena,ˈpuːˌomenɑ,ˈpuuomˌmenɑ,4
livonian,ingrian,taazi,ˈtɑːzi,ˈtɑɑzi,1
livonian,ingrian,kraamia,ˈkrɑːmiɑ,ˈkrɑɑmiɑ,1
livonian,ingrian,seemen,ˈseːmen,ˈseemen,1
livonian,ingrian,ukkoraiska,ˈukːoˌrɑi̯skɑ,ˈukkorɑiskɑ,3
livonian,ingrian,rupinenä,ˈrupiˌnenæ,ˈrupiˌnen,1
livonian,ingrian,pikkurilli,ˈpikːuˌrilːi,ˈpikˌkuili,5
livonian,ingrian,kiintiäst,ˈkiːntiæstæ,ˈkiintisst,3
livonian,ingrian,kostaa,ˈkostɑː,ˈkostɑɑ,1
livonian,ingrian,genetiva,ˈɡenetiʋɑ,ˈɡenetˌivɑ,2
livonian,ingrian,lentäjä,ˈlentæjæ,ˈlentˌæj,2
livonian,ingrian,pööriä,ˈpøːrijæ,ˈpoːri,3
livonian,ingrian,stokana,ˈstokɑnɑ,ˈstokˌɑnɑ,1
livonian,ingrian,poolisaari,ˈpoːliˌsɑːri,ˈpoolisˌɑɑri,4
livonian,ingrian,teräkäs,ˈterækæs,ˈteræks,1
livonian,ingrian,duuba,ˈduːbɑ,ˈduubɑ,1
livonian,ingrian,samantapain,ˈsɑmɑnˌtɑpɑi̯ne,ˈsɑmɑntˌɑpɑi,5
livonian,ingrian,staraittaa,ˈstɑrɑi̯tːɑː,ˈstɑrɑitttɑɑ,3
livonian,ingrian,kanasakkeli,ˈkɑnɑˌsɑkːeli,ˈkɑnɑsɑˌkkei,4
livonian,ingrian,astavoija,ˈɑstɑʋoi̯jɑ,ˈɑstɑˌvoijɑ,3
livonian,ingrian,dohteri,ˈdohteri,ˈdoʃteri,1
livonian,ingrian,vaikku,ˈʋɑi̯kːu,ˈvɑikˌu,3
livonian,ingrian,verekäs,ˈʋerekæs,ˈvereks,2
livonian,ingrian,kaglatunnit,ˈkɑɡlɑˌtunːit,ˈkɑɡlɑˌtunni,2
livonian,ingrian,pahka,ˈpɑhkɑ,ˈpɑʃkɑ,1
livonian,ingrian,kitkiä,ˈkitkiæ,ˈkitki,1
livonian,ingrian,koivuin,ˈkoi̯ʋui̯n,ˈkoivuin,3
livonian,ingrian,ahmia söövvä,ˈɑhmiɑ ˈsøːʋːæ,ˈɑemiɑˌsoːvv,7
livonian,ingrian,uhlu,ˈuhlu,ˈuʃlu,1
livonian,ingrian,päälaki,ˈpæːˌlɑki,ˈpæælɑki,2
livonian,ingrian,murniin,ˈmurniːn,ˈmurniin,1
livonian,ingrian,ympyrkäin,ˈympyrkæi̯ne,ˈɑmpˌkrkin,6
livonian,ingrian,veekäs,ˈʋe.ekæs,ˈveekss,3
livonian,ingrian,kagranrummen,ˈkɑɡrɑnˌrumːen,ˈkɑɡrɑˌnrumm,5
livonian,ingrian,adjektiva,ˈɑdjektiʋɑ,ˈɑdjekˌtivɑ,2
livonian,ingrian,kivestää,ˈkiʋestæː,ˈkivesˌtææ,3
livonian,ingrian,huutaa,ˈhuːtɑː,ˈhuutɑɑ,2
livonian,ingrian,aikamitta,ˈɑi̯kɑˌmitːɑ,ˈɑikɑmittɑ,3
livonian,ingrian,kormento,ˈkormento,ˈkorment,1
livonian,ingrian,viljä,ˈʋiljæ,ˈviljæ,1
livonian,ingrian,avo,ˈɑʋo,ˈɑvo,1
livonian,ingrian,proovolokka,ˈproːʋolokːɑ,ˈproovoolokkɑ,4
livonian,ingrian,myykkiä,ˈmyːkːiæ,ˈmɑːkki,3
livonian,ingrian,pecka,ˈpet͡ʃkɑ,ˈpeːkɑ,3
livonian,ingrian,lihava,ˈlihɑʋɑ,ˈliːɑvɑ,2
livonian,ingrian,pihlajamarjalintu,ˈpihlɑjɑˌmɑrjɑˌlintu,ˈpiːlɑjɑˌmɑmint,7
livonian,ingrian,kalmaluu,ˈkɑlmɑˌluː,ˈkɑlmɑˌluuu,2
livonian,ingrian,purjehtiva,ˈpurjehtiʋɑ,ˈpurjetˌivɑ,3
livonian,ingrian,maailma,ˈmɑːˌilmɑ,ˈmɑɑilmɑ,2
livonian,ingrian,reukastua,ˈreu̯kɑstuɑ,ˈreukɑˌstuɑ,2
livonian,ingrian,laavitsa,ˈlɑːʋit͡sɑ,ˈlɑɑvitsɑ,3
livonian,ingrian,voijella,ˈʋoi̯jelːɑ,ˈvoijellɑ,3
livonian,ingrian,kylkiluu,ˈkylkiˌluː,ˈkɑlkiˌluu,2
livonian,ingrian,hämmennellä,ˈhæmːenːelːæ,ˈhæmmennˌnell,6
livonian,ingrian,ruiskovain,ˈru.isˌkoʋɑne,ˈruiskovɑin,5
livonian,ingrian,kristus,ˈkristus,ˈkristuus,1
livonian,ingrian,šaapka,ˈʃɑːpkɑ,ˈʃɑɑpkɑ,1
livonian,ingrian,akkusativa,ˈɑkːusɑtiʋɑ,ˈɑkkusɑtivɑ,2
livonian,ingrian,komal,ˈkomɑlːɑ,ˈkomɑl,2
livonian,ingrian,oh,ˈoh,ˈo,1
livonian,ingrian,alassin,ˈɑlɑsːin,ˈɑlɑssin,1
livonian,ingrian,pääskö,ˈpæːskø,ˈpææsko,2
livonian,ingrian,hookua,ˈhoːkuɑ,ˈhookuɑ,1
livonian,ingrian,rootsa,ˈroːt͡sɑ,ˈrootsɑ,2
livonian,ingrian,cikerrellä,ˈt͡ʃikerːelːæ,ˈoikerreelæ,6
livonian,ingrian,nikko,ˈnikːo,ˈnikko,1
livonian,ingrian,telegramma,ˈteleˌɡrɑmːɑ,ˈteleɡrɑˌmmmɑ,4
livonian,ingrian,issuttaa,ˈisːutːɑː,ˈissuttɑɑ,3
livonian,ingrian,raetuuca,ˈrɑeˌtuːt͡ʃɑ,ˈrɑetˌuuoːɑ,6
livonian,ingrian,käsivars,ˈkæsiˌʋɑrsi,ˈkæsivɑˌrs,4
livonian,ingrian,boltta,ˈboltːɑ,ˈboltɑ,1
livonian,ingrian,rauhallisest,ˈrɑu̯hɑlːisestɑ,ˈrɑuɑɑlisst,5
livonian,ingrian,avaro,ˈɑʋɑro,ˈɑvɑro,1
livonian,ingrian,rohokasvo,ˈrohoˌkɑsʋo,ˈrohokɑssv,3
livonian,ingrian,kirjatoin,ˈkirjɑtoi̯n,ˈkirjɑttoin,2
livonian,ingrian,kullua,ˈkuluɑ,ˈkulˌuɑ,1
livonian,ingrian,jälel,ˈjælelːæ,ˈjælel,2
livonian,ingrian,päivöttyä,ˈpæi̯ʋøtːyæ,ˈpæivotttˌs,6
livonian,ingrian,vohma,ˈʋohmɑ,ˈvoːmɑ,2
livonian,ingrian,raisust,ˈrɑi̯sustɑ,ˈrɑisust,2
livonian,ingrian,nyky-,ˈnyky-,ˈnɑkɑˌ,3
livonian,ingrian,liikutin,ˈliːkutine,ˈliikutin,2
livonian,ingrian,kirnahka,ˈkirnɑhkɑ,ˈkirnɑˌkɑ,1
livonian,ingrian,miuhu,ˈmiu̯hu,ˈmiuˌu,2
livonian,ingrian,ruttaa,ˈrutːɑː,ˈruttɑɑ,2
livonian,ingrian,korskaa,ˈkorskɑː,ˈkorskɑɑ,1
livonian,ingrian,oomma,ˈoːmːɑ,ˈoommɑ,2
livonian,ingrian,kakskertain,ˈkɑksˌkertɑi̯ne,ˈkɑksˌkertin,3
livonian,ingrian,painava,ˈpɑi̯nɑʋɑ,ˈpɑinɑvɑ,2
livonian,ingrian,kormano,ˈkormɑno,ˈkormɑnn,1
livonian,ingrian,saakki,ˈsɑːkːi,ˈsɑɑkːi,1
livonian,ingrian,mukistaa,ˈmukistɑː,ˈmukisˌtɑɑ,2
livonian,ingrian,seisoa,ˈsei̯soɑ,ˈseisoɑ,1
livonian,ingrian,vernoist,ˈʋernoi̯stɑ,ˈvernoist,3
livonian,ingrian,alentaa,ˈɑlentɑː,ˈɑlentɑɑ,1
livonian,ingrian,repolain,ˈrepolɑi̯ne,ˈrepolɑin,2
livonian,ingrian,persikka,ˈpersikːɑ,ˈpersikɑ,1
livonian,ingrian,tapahos,ˈtɑpɑ.os,ˈtɑpɑˌsos,2
livonian,ingrian,poissi,ˈpoi̯sːi,ˈpoissi,2
livonian,ingrian,kuusipäre,ˈkuːsiˌpære,ˈkuusiˌpære,1
livonian,ingrian,hapannoittaa,ˈhɑpɑnːoi̯tːɑː,ˈhɑpɑnnnitttɑɑ,5
livonian,ingrian,savenjalka,ˈsɑʋenˌjɑlkɑ,ˈsɑvenˌjɑlkɑ,1
livonian,ingrian,reikä,ˈrei̯kæ,ˈreikæ,1
livonian,ingrian,kanki,ˈkɑŋki,ˈkɑnki,1
livonian,ingrian,monikko,ˈmonikːo,ˈmonikko,1
livonian,ingrian,alkutiito,ˈɑlkuˌtiːto,ˈɑlkutit,3
livonian,ingrian,karvalliin,ˈkɑrʋɑlːine,ˈkɑrvɑllii,4
livonian,ingrian,poolipäätkä,ˈpoːliˌpæːtkæ,ˈpoolipæætˌkuk,6
livonian,ingrian,kärkkyä,ˈkærkːyæ,ˈkærkkɑ,3
livonian,ingrian,juurikarva,ˈjuːriˌkɑrʋɑ,ˈjuurikɑˌrɑːɑ,5
livonian,ingrian,lyhentää,ˈlyhentæː,ˈlɑːenˌtææ,4
livonian,ingrian,törissä,ˈtørisːæ,ˈtoriss,3
livonian,ingrian,ammattimees,ˈɑmːɑtːiˌmeːs,ˈɑmːɑttimem,4
livonian,ingrian,kärkkilatva,ˈkærkːiˌlɑtʋɑ,ˈkærkˌkilɑtɑ,4
livonian,ingrian,tärkähtäissä,ˈtærkæhtæi̯sːæ,ˈtærkˌttiss,6
livonian,ingrian,pihkain,ˈpihkɑi̯ne,ˈpiːkɑin,3
livonian,ingrian,hahattaa,ˈhɑhɑtːɑː,ˈhɑːɑttɑɑɑ,4
livonian,ingrian,saijabulkka,ˈsɑi̯jɑˌbulkːɑ,ˈsɑijɑˌbukːɑ,2
livonian,ingrian,voos voovvelt,ˈʋoːs ˈʋoːʋːeltɑ,ˈvoosovovovvit,11
livonian,ingrian,kyssyä anteeks,ˈkysyæ ˈɑnteːksi,ˈksssˌsɑːntesks,8
livonian,ingrian,poikkinain,ˈpoi̯kːinɑi̯ne,ˈpoikˌkinɑn,6
livonian,ingrian,vekale,ˈʋekɑle,ˈvekɑle,1
livonian,ingrian,vinka,ˈʋiŋkɑ,ˈvinkɑ,2
livonian,ingrian,nurmisto,ˈnurmisto,ˈnurmist,1
livonian,ingrian,foona,ˈfoːnɑ,ˈfoonɑ,1
livonian,ingrian,ukko,ˈukːo,ˈukko,1
livonian,ingrian,asse,ˈɑsːe,ˈɑsse,1
livonian,ingrian,pecnikka,ˈpet͡ʃnikːɑ,ˈpeːnikkɑ,4
livonian,ingrian,grudnikka,ˈɡrudnikːɑ,ˈɡrudˌnikɑ,2
livonian,ingrian,kussa,ˈkusːɑ,ˈkussɑ,1
livonian,ingrian,päivä,ˈpæi̯ʋæ,ˈpæivæ,2
livonian,ingrian,staarosta,ˈstɑːrostɑ,ˈstɑɑroostɑ,2
livonian,ingrian,kirnuta,ˈkirnutɑ,ˈkirˌutɑ,1
livonian,ingrian,namasteri,ˈnɑmɑsteri,ˈnɑmɑstˌeeri,2
livonian,ingrian,laululintu,ˈlɑu̯luˌlintu,ˈlɑululintu,2
livonian,ingrian,perkele,ˈperkele,ˈperkˌlee,2
livonian,ingrian,selkänahkain,ˈselkæˌnɑhkɑi̯ne,ˈselkˌnɑˌkɑin,4
livonian,ingrian,tutkimus,ˈtutkimus,ˈtutˌkimus,1
livonian,ingrian,valetti,ˈʋɑletːi,ˈvɑleti,2
livonian,ingrian,terävä,ˈteræʋæ,ˈteræv,2
livonian,ingrian,lepytellä,ˈlepytelːæ,ˈlepˌteelæ,3
livonian,ingrian,pomintkat,ˈpomintkɑt,ˈpomintˌkɑt,1
livonian,ingrian,kysymys,ˈkysymys,ˈkɑsˌmms,3
livonian,ingrian,vihmakaarre,ˈʋihmɑˌkɑːrːe,ˈviːmɑˌkɑɑrr,5
livonian,ingrian,lesorirattaat,ˈlesoriˌrɑtːɑːt,ˈlesorirɑtttɑtɑ,5
livonian,ingrian,pohjukka,ˈpohjukːɑ,ˈpoːjˌkkɑ,3
livonian,ingrian,koinia,ˈkoi̯niɑ,ˈkoiniɑ,1
livonian,ingrian,alusvene,ˈɑlusˌʋene,ˈɑlusˌvene,1
livonian,ingrian,puuraenta,ˈpuːˌrɑentɑ,ˈpuurɑˌnenɑ,5
livonian,ingrian,kirjuttaja,ˈkirjutːɑjɑ,ˈkiruttˌtɑjɑ,4
livonian,ingrian,kuurnitsa,ˈkuːrnit͡sɑ,ˈkuurnitsɑ,2
livonian,ingrian,pedronaatto,ˈpedronˌɑːtːo,ˈpedronnɑttt,4
livonian,ingrian,niitti,ˈniːtːi,ˈniiti,2
livonian,ingrian,laulattaa,ˈlɑu̯lɑtːɑː,ˈlɑulɑtttɑɑ,4
livonian,ingrian,glavnoi,ˈɡlɑʋnoi̯,ˈɡlɑˌnnoi,3
livonian,ingrian,pajupuu,ˈpɑjuˌpuː,ˈpɑjuˌpuu,1
ingrian,karelian,čikko,ˈt͡ʃikːo,ˈjikːo,3
ingrian,karelian,arhelei,ˈɑrhelʲei̯,ˈɑrelli,4
ingrian,karelian,jykie,ˈjykie̯,ˈjykie,1
ingrian,karelian,istuo,ˈistuo̯,ˈistuo,1
ingrian,karelian,lindu,ˈlʲindu,ˈlindu,1
ingrian,karelian,velli,ˈʋelʲːi,ˈʋelːi,1
ingrian,karelian,muakondie,ˈmuɑ̯ˌkondie̯,ˈmuɑkonndi,5
ingrian,karelian,toine toizen,ˈtoi̯nʲe ˌtoi̯zen,ˈtoi̯ne ˈtoi̯nen,3
ingrian,karelian,kumpani,ˈkumpɑnʲi,ˈkumpɑni,1
ingrian,karelian,yksi,ˈyksʲi,ˈyksi,1
ingrian,karelian,lypšiä,ˈlʲypʃiæ̯,ˈlypiæ,3
ingrian,karelian,lutikka,ˈlutʲikːɑ,ˈlutikːɑ,1
ingrian,karelian,kniika,ˈknʲiːkɑ,ˈkniːkɑ,1
ingrian,karelian,keviäkuu,ˈkeʋiæ̯ˌkuː,ˈkeʋiˌæˌkuː,2
ingrian,karelian,mua,ˈmuɑ̯,ˈmuɑ,1
ingrian,karelian,čičiliušku,ˈt͡ʃit͡ʃiˌlʲiu̯ʃku,ˈjijiˌliu̯ku,8
ingrian,karelian,feurali,ˈfeu̯rɑlʲi,ˈfeu̯rɑli,1
ingrian,karelian,janhus,ˈjɑnhus,ˈjɑnus,1
ingrian,karelian,oktʹabrʹa,ˈoktʲɑbrʲɑ,ˈoktˌɑrrɑ,3
ingrian,karelian,huono,ˈhuo̯no,ˈhuoono,1
ingrian,karelian,ägie,ˈæɡie̯,ˈæɡie,1
ingrian,karelian,huuli,ˈhuːlʲi,ˈhuːli,1
ingrian,karelian,ahtivo,ˈɑhtʲiʋo,ˈɑhtiʋo,1
ingrian,karelian,keltani,ˈkeltɑnʲi,ˈkeltɑni,1
ingrian,karelian,niätä,ˈnʲiæ̯tæ,ˈniætæ,2
ingrian,karelian,tuuli,ˈtuːlʲi,ˈtuːli,1
ingrian,karelian,kanši,ˈkɑnʃi,ˈkɑnːi,1
ingrian,karelian,allaš,ˈɑlːɑʃ,ˈɑlːɑ,1
ingrian,karelian,hätä,ˈhætʲæ,ˈhætæ,1
ingrian,karelian,veniälä,ˈʋenʲiæ̯lʲæ,ˈʋeniælæ,3
ingrian,karelian,korkie,ˈkorkie̯,ˈkorkie,1
ingrian,karelian,vuozi,ˈʋuo̯zʲi,ˈʋuozi,2
ingrian,karelian,tie,ˈtʲie̯,ˈtie,2
ingrian,karelian,hebone,ˈhebonʲe,ˈhebone,1
ingrian,karelian,čiba,ˈt͡ʃibɑ,ˈjibɑ,3
ingrian,livonian,ang,ˈɑnɡ,ˈɑŋɡɑ,2
ingrian,livonian,sūo,ˈsuːo,ˈsoo,2
ingrian,livonian,ǟrmatõ,ˈæːrmɑtə,ˈrrmɑt,3
ingrian,livonian,vai’dlõ,ˈvɑiˀdlə,ˈʋɑi̯del,4
ingrian,livonian,tõmbõ,ˈtɯmbə,ˈtmb,2
ingrian,livonian,na’grõ,ˈnɑˀɡrə,ˈnɑɡɡrɑ,2
ingrian,livonian,udār,ˈudɑːr,ˈudrr,2
ingrian,livonian,padā,ˈpɑdɑː,ˈpɑd,2
ingrian,livonian,pi’mdiņtõ,ˈpiˀmdiɲtə,ˈpimdittɑ,3
ingrian,livonian,īe,ˈiːe,ˈee,2
ingrian,livonian,outōbus,ˈoutoːˌbus,ˈou̯tubus,4
ingrian,livonian,tuoit,ˈtuoit,ˈtuooi̯t,2
ingrian,livonian,mū,ˈmuː,ˈmæ,2
ingrian,livonian,āinakū,ˈɑːinɑˌkuː,ˈjinɑkːɑ,5
ingrian,livonian,ǭla,ˈɒːlɑ,ˈlɑ,2
ingrian,livonian,grīekmǭ,ˈɡriːekˌmɒː,ˈɡreekːɑ,6
ingrian,livonian,dūoņig,ˈduːoɲiɡ,ˈdʲojiɡ,3
ingrian,livonian,tǭla,ˈtɒːlɑ,ˈtlɑ,2
ingrian,livonian,īņõz,ˈiːɲəz,ˈjez,4
ingrian,livonian,salāndõ,ˈsɑlɑːndə,ˈsɑlʲnd,3
ingrian,livonian,kukkõrz,ˈkukːərz,ˈkukːrrzæ,2
ingrian,livonian,slovēnij,ˈsloveːnij,ˈsloʋːnij,2
ingrian,livonian,kejā,ˈkejɑː,ˈkej,2
ingrian,livonian,ä’busk,ˈæˀbˌusk,ˈæbbusk,2
ingrian,livonian,kāika,ˈkɑːikɑ,ˈkiikɑ,2
ingrian,livonian,sūormõks,ˈsuːorməks,ˈsoormkkse,4
ingrian,livonian,paskā,ˈpɑskɑː,ˈpɑskɑ,1
ingrian,livonian,roudi,ˈroudi,ˈrou̯di,1
ingrian,livonian,täsā,ˈtæsɑː,ˈtæstæ,2
ingrian,livonian,drū’ošõ,ˈdruːˀoʃə,ˈdrʲoːʃ,5
ingrian,livonian,sõzār,ˈsɯzɑːr,ˈsʲzʲr,3
ingrian,livonian,a’jjõ,ˈɑˀjːə,ˈɑjjʲ,3
ingrian,livonian,tsirp,ˈtsirp,ˈt͡sirpi,2
ingrian,livonian,kǭŗa,ˈkɒːrʲɑ,ˈkɑjɑ,4
ingrian,livonian,jo’vd,ˈjoˀvd,ˈjoʋːd,2
ingrian,livonian,vēna,ˈveːnɑ,ˈʋonɑ,3
ingrian,livonian,taļ,ˈtɑʎ,ˈtɑ,1
ingrian,livonian,prațțõ,ˈprɑcːə,ˈprɑj,3
ingrian,livonian,suoimõ,ˈsuoimə,ˈsuooi̯mɑ,3
ingrian,livonian,i’ļļõ,ˈiˀʎːə,ˈijɑ,4
ingrian,livonian,vastātõ,ˈvɑstɑːtə,ˈʋɑstʲtɑ,4
ingrian,livonian,līenõ,ˈliːenə,ˈlʲen,3
ingrian,livonian,līdõ,ˈliːdə,ˈlʲdʲ,3
ingrian,livonian,pästõ,ˈpæstə,ˈpæstɑ,1
ingrian,livonian,piedāg,ˈpiedɑːɡ,ˈpiedʲɡɑ,3
ingrian,livonian,sintõ,ˈsintə,ˈsint,1
ingrian,livonian,mätāl,ˈmætɑːl,ˈmætlːæ,2
ingrian,livonian,sie’ggõ,ˈsieˀɡːə,ˈsieɡɡɡɑ,3
ingrian,livonian,katūks,ˈkɑtuːks,ˈkɑtkse,3
ingrian,livonian,äbjõvā,ˈæˀbˌjɯvɑː,ˈæbjʋo,6
ingrian,livonian,kitkõ,ˈkitkə,ˈkitke,1
ingrian,livonian,rūm,ˈruːm,ˈrem,2
ingrian,livonian,tei,ˈtei,ˈtei̯,1
ingrian,livonian,kle’it,ˈkleˀit,ˈkletit,1
ingrian,livonian,kilgsõ,ˈkilɡsə,ˈkilɡst,1
ingrian,livonian,pu’ddõ,ˈpuˀdːə,ˈpuddʲ,3
ingrian,livonian,vārbaz,ˈvɑːrbɑz,ˈʋorbɑz,3
ingrian,livonian,kõ’ddõrz,ˈkɯˀdːərz,ˈkʲddrʲz,5
ingrian,livonian,vašk,ˈvɑʃk,ˈʋɑʃk,1
ingrian,livonian,sǭra,ˈsɒːrɑ,ˈsʲrɑ,2
ingrian,livonian,vīerõ,ˈviːerə,ˈʋeːr,4
ingrian,livonian,kȭnka,ˈkɯːnkɑ,ˈkʲŋkɑ,3
ingrian,livonian,kakš,ˈkɑkʃ,ˈkɑkː,1
ingrian,livonian,julgõ,ˈjulɡə,ˈjulɡɑ,1
ingrian,livonian,aptēk,ˈɑpteːk,ˈɑptkː,2
ingrian,livonian,kukkõr,ˈkukːər,ˈkukːer,1
ingrian,livonian,genitīv,ˈɡenitiːv,ˈɡenitʋyʋ,3
ingrian,livonian,ta’lk,ˈtɑˀlk,ˈtɑlːk,2
ingrian,livonian,likkõ,ˈlikːə,ˈlikːæ,1
ingrian,livonian,jūom,ˈjuːom,ˈjoːm,2
ingrian,livonian,obāz,ˈobɑːz,ˈobʲz,2
ingrian,livonian,liepā,ˈliepɑː,ˈliep,2
ingrian,livonian,ikšlu’g,ˈikʃˌluˀɡ,ˈikːluɡ,3
ingrian,livonian,sindõ,ˈsində,ˈsindʲ,1
ingrian,livonian,sīņõ-tǟnõ,ˈsiːɲəˌtæːnə,ˈsʲtʲtʲnn,8
ingrian,livonian,tǭ’gõz,ˈtɒːˀɡəz,ˈtʲɡɨz,4
ingrian,livonian,ē’ņõz,ˈeːˀɲəz,ˈjɑ,6
ingrian,livonian,kūolka,ˈkuːolkɑ,ˈkoːlkɑ,2
ingrian,livonian,sõnārǭntõz,ˈsɯnɑːˌrɒːntəz,ˈsʲnʲrntʲzæ,8
ingrian,livonian,jūrõ,ˈjuːˀrə,ˈjre,4
ingrian,livonian,kus,ˈkus,ˈkusːɑ,2
ingrian,livonian,kuostõ,ˈkuostə,ˈku.ostɑ,2
ingrian,livonian,vīrdõg,ˈviːrdəɡ,ˈʋordɡɡ,4
ingrian,livonian,i’ddõ,ˈiˀdːə,ˈiddd,3
ingrian,livonian,viettõ,ˈvietːə,ˈʋietːɑ,2
ingrian,livonian,nõ’rrõ,ˈnɯˀrːə,ˈnʲrː,3
ingrian,livonian,jelāmi,ˈjelɑːmi,ˈjelmi,2
ingrian,livonian,va’itõ,ˈvɑˀitə,ˈʋɑjit,3
ingrian,livonian,pūmpar,ˈpuːmpɑr,ˈpompɑr,2
ingrian,livonian,jedāl,ˈjedɑːl,ˈjedlːæ,2
ingrian,livonian,ēstimǭ,ˈeːstiˌmɒː,ˈtstimmɑ,5
ingrian,livonian,ä’bpū’dõz,ˈæˀbˌpuːˀdəz,ˈæbbːdʲzæ,7
ingrian,livonian,pūoraz,ˈpuːorɑz,ˈpoːrɑz,2
ingrian,livonian,kǟ’tõ,ˈkæːˀtə,ˈktː,4
ingrian,livonian,zǭigõ,ˈzɒːiɡə,ˈzʲiɡ,3
ingrian,livonian,pīkstõ,ˈpiːkstə,ˈpekst,3
ingrian,livonian,tāibaz,ˈtɑːibɑz,ˈtiːɑ,4
ingrian,livonian,kǭrand,ˈkɒːrɑnd,ˈkrrɑnd,2
ingrian,livonian,pȭrand,ˈpɯːrɑnd,ˈprrɑnd,2
ingrian,livonian,kuordit,ˈkuordit,ˈkuoodit,1
ingrian,livonian,laigā,ˈlɑiɡɑː,ˈlɑi̯ɡ,3
ingrian,livonian,me’r,ˈmeˀr,ˈmer,1
ingrian,livonian,beļgij,ˈbeʎɡij,ˈbeɡɡij,1
ingrian,livonian,o’vstõ,ˈoˀvstə,ˈoʋʋst,3
ingrian,livonian,lopāndõks,ˈlopɑːndəks,ˈlopːndkks,2
ingrian,livonian,pǟgiņž,ˈpæːɡiɲʒ,ˈpɡɡiʒ,3
ingrian,livonian,mie’rnaigā,ˈmieˀrnˌɑiɡɑː,ˈmiernˌɑɑ̯ɡɑ,4
ingrian,livonian,kī’lõ,ˈkiːˀlə,ˈkelʲ,4
ingrian,livonian,kǭra,ˈkɒːrɑ,ˈkrrɑ,2
ingrian,livonian,kukurūz,ˈkukuruːz,ˈkukurjz,2
ingrian,livonian,õrā,ˈɯrɑː,ˈrr,3
ingrian,livonian,kuo’žžõ,ˈkuoˀʒːə,ˈkuooʒːʒ,2
ingrian,livonian,kūdõz,ˈkuːdəz,ˈkʲdʲz,3
ingrian,livonian,murdõ,ˈmurdə,ˈmurd,1
ingrian,livonian,līedõg,ˈliːedəɡ,ˈlʲedʲɡɑ,4
ingrian,livonian,ku’d,ˈkuˀd,ˈku.d,1
ingrian,livonian,apostrōf,ˈɑpostroːf,ˈɑpostrrf,2
ingrian,livonian,tūļ,ˈtuːʎ,ˈte,3
ingrian,livonian,ētam,ˈeːtɑm,ˈtɑm,2
ingrian,livonian,sieldõ,ˈsieldə,ˈsieldʲ,1
ingrian,livonian,vie’ddõ,ˈvieˀdːə,ˈʋieddd,4
ingrian,livonian,uktõ,ˈuktə,ˈukt,1
ingrian,livonian,vaņšti,ˈvɑɲʃti,ˈʋɑtːti,3
ingrian,livonian,vikārt,ˈvikɑːrt,ˈʋiktrt,3
ingrian,livonian,nūoļ,ˈnuːoʎ,ˈnoː,3
ingrian,livonian,sīemt,ˈsiːemt,ˈseemt,2
ingrian,livonian,no’vvõ,ˈnoˀvːə,ˈnoʋːː,3
ingrian,livonian,nīt,ˈniːt,ˈntt,2
ingrian,livonian,igāb,ˈiɡɑːb,ˈiɡbe,3
ingrian,livonian,kistõ,ˈkistə,ˈkistɑ,1
ingrian,livonian,sēmḑa,ˈseːmɟɑ,ˈsʲmɑ,3
ingrian,livonian,ēviļtõ,ˈeːviʎtə,ˈʋʋitːɑ,6
ingrian,livonian,tū’ontõz,ˈtuːˀontəz,ˈtoːntʲzæ,5
ingrian,livonian,na’ggõl,ˈnɑˀɡːəl,ˈnɑɡɡllɑ,4
ingrian,livonian,sä’dgõz,ˈsæˀdɡəz,ˈsætdɡzæ,3
ingrian,livonian,kuolmõz,ˈkuolməz,ˈku.olmæ,3
ingrian,livonian,kievām,ˈkievɑːm,ˈkieʋːm,2
ingrian,livonian,lē’ḑkū,ˈleːˀɟˌkuː,ˈlʲkː,6
ingrian,livonian,pǟl,ˈpæːl,ˈplː,2
ingrian,livonian,bokāmǭŗa,ˈbokɑːˌmɒːrʲɑ,ˈbokːmɑ,6
ingrian,livonian,svinā,ˈsvinɑː,ˈsʋʋin,4
ingrian,livonian,nodāl,ˈnodɑːl,ˈnodlː,2
ingrian,livonian,vāldame’r,ˈvɑːldɑˌmeˀr,ˈʋoldɑˌmer,4
ingrian,livonian,a’rtõ,ˈɑˀrtə,ˈɑrːt,3
ingrian,livonian,vepšõ,ˈvepʃə,ˈʋepː,3
ingrian,livonian,rīsõd,ˈriːsəd,ˈresʲd,3
ingrian,livonian,pū’ojtõ,ˈpuːˀojtə,ˈpʲoojt,4
ingrian,livonian,mõiti,ˈmɯiti,ˈmʲiti,1
ingrian,livonian,tiegāndõks,ˈtieɡɑːndəks,ˈtieɡnʲdkksk,5
ingrian,livonian,dadžā,ˈdɑdʒɑː,ˈdɑdʒ,2
ingrian,livonian,entsiklopēdij,ˈentsiklopeːdij,ˈent͡siˌklopːdij,3
ingrian,livonian,nȭŗkõz,ˈnɯːrʲkəz,ˈnʲkːz,4
ingrian,livonian,kutsõ,ˈkutsə,ˈkut͡s,2
ingrian,livonian,i’m,ˈiˀm,ˈi.m,1
ingrian,livonian,katkõ,ˈkɑtkə,ˈkɑtke,1
ingrian,livonian,kǭr,ˈkɒːr,ˈker,2
ingrian,livonian,prūš,ˈpruːʃ,ˈprʲʃ,2
ingrian,livonian,kõvīst,ˈkɯviːst,ˈkyʋet,5
ingrian,livonian,kī,ˈkiː,ˈke,2
ingrian,livonian,ma’g,ˈmɑˀɡ,ˈmɑɡɡ,1
ingrian,livonian,vigāli,ˈviɡɑːli,ˈʋiɡli,3
ingrian,livonian,ä’bõigi,ˈæˀbˌɯiɡi,ˈæbbiɡi,3
ingrian,livonian,algõm,ˈɑlɡəm,ˈɑlɡɑm,1
ingrian,livonian,vȯdā,ˈvɤdɑː,ˈʋod,4
ingrian,livonian,alāb,ˈɑlɑːb,ˈɑlʲb,2
ingrian,livonian,eļkõ,ˈeʎkə,ˈetke,2
ingrian,livonian,jämp,ˈjæmp,ˈjæmpi,1
ingrian,livonian,vaksā,ˈvɑksɑː,ˈʋɑkse,3
ingrian,livonian,rumāņmǭ,ˈrumɑːɲˌmɒː,ˈrumːmmɑ,5
ingrian,livonian,vī’gõz,ˈviːˀɡəz,ˈʋoɡzz,5
ingrian,livonian,a’igi,ˈɑˀiɡi,ˈɑjiɡi,1
ingrian,livonian,ke’ž,ˈkeˀʒ,ˈkej,2
ingrian,livonian,vest,ˈvest,ˈʋestɑ,2
ingrian,livonian,tīlka,ˈtiːlkɑ,ˈtllkɑ,2
ingrian,livonian,lūotõ,ˈluːotə,ˈlʲot,3
ingrian,livonian,kaitsõ,ˈkɑitsə,ˈkɑi̯t͡s,3
ingrian,livonian,nominatīv,ˈnominɑtiːv,ˈnomiˌnɑtʋyʋ,4
ingrian,livonian,kidūd,ˈkiduːd,ˈkidʲd,2
ingrian,livonian,kūoiba,ˈkuːoibɑ,ˈkoːibɑ,2
ingrian,livonian,vizā,ˈvizɑː,ˈʋiz,3
ingrian,livonian,me’ž,ˈmeˀʒ,ˈmejʒ,1
ingrian,livonian,irm,ˈirm,ˈirmæ,1
ingrian,livonian,raigā,ˈrɑiɡɑː,ˈrɑi̯ɡ,3
ingrian,livonian,elektrīb,ˈelektriːb,ˈelektrrbb,2
ingrian,livonian,inesīv,ˈinesiːv,ˈinesːæ,2
ingrian,livonian,rīst,ˈriːst,ˈrest,2
ingrian,livonian,mūlda,ˈmuːldɑ,ˈmɨldɑ,2
ingrian,livonian,lāipa,ˈlɑːipɑ,ˈlʲipɑ,2
ingrian,livonian,lamp,ˈlɑmp,ˈlɑmpi,1
ingrian,livonian,pa’llõ,ˈpɑˀlːə,ˈpɑlːɑ,2
ingrian,livonian,kast,ˈkɑst,ˈkɑstɑ,1
ingrian,livonian,õ’bdõ,ˈɯˀbdə,ˈbbdʲ,3
ingrian,livonian,vȯ’ddõrz,ˈvɤˀdːərz,ˈʋoddrzæ,6
ingrian,livonian,so’vtõ,ˈsoˀvtə,ˈsoʋːt,3
ingrian,livonian,engõl,ˈenɡəl,ˈeŋɡllʲ,3
ingrian,livonian,sīli,ˈsiːli,ˈstli,2
ingrian,livonian,põzāg,ˈpɯzɑːɡ,ˈpʲzʲɡ,3
ingrian,livonian,pǭŗkimdõ,ˈpɒːrʲˌkimdə,ˈpʲkimod,6
ingrian,livonian,vēļa,ˈveːʎɑ,ˈʋɑjɑ,4
ingrian,livonian,kǭ’dõkskimdõz,ˈkɒːˀdəksˌkimdəz,ˈkʲɑdkskikime,9
ingrian,livonian,nõtkõm,ˈnɯtkəm,ˈnʲtkːm,2
ingrian,livonian,vȯjā,ˈvɤjɑː,ˈʋʲjɑ,3
ingrian,livonian,loutš,ˈlout͡ʃ,ˈlou̯tʃ,2
ingrian,livonian,nai,ˈnɑi,ˈnɑi̯,1
ingrian,livonian,kuolmsadāz,ˈkuolmˌsɑdɑːz,ˈkuolmsɑdɑ,3
ingrian,livonian,kinā,ˈkinɑː,ˈkinʲ,2
ingrian,livonian,kõ’r,ˈkɯˀr,ˈker,2
ingrian,livonian,kerīkšõ,ˈkeriːkʃə,ˈkerkːʃ,3
ingrian,livonian,pūoļ,ˈpuːoʎ,ˈpoː,3
ingrian,livonian,ǭik,ˈɒːik,ˈjik,2
ingrian,livonian,seis,ˈseis,ˈsei̯sːæ,3
ingrian,livonian,nä’g,ˈnæˀɡ,ˈnætɡ,1
ingrian,livonian,kēratē’ḑ,ˈkeːrɑˌteːˀɟ,ˈkrrɑtːɑ,6
ingrian,livonian,vaim,ˈvɑim,ˈʋɑi̯m,2
ingrian,livonian,goŗīkšõ,ˈɡorʲiːkʃə,ˈɡojkːɑ,6
ingrian,livonian,tsībõrmǭ,ˈtsiːbərˌmɒː,ˈt͡sbrmmɑ,7
ingrian,livonian,kuolmtuoistõn,ˈkuolmˌtuoistən,ˈkuolmtuˌoi̯stɑ,5
ingrian,livonian,pū’stõ,ˈpuːˀstə,ˈpetst,4
ingrian,livonian,tijāld,ˈtijɑːld,ˈtijld,2
ingrian,livonian,ī’dõkstuoistõn,ˈiːˀdəksˌtuoistən,ˈjdʲkstutoi̯stɑ,9
ingrian,livonian,sa’m,ˈsɑˀm,ˈsɑtmæ,2
ingrian,livonian,kōgaz,ˈkoːɡɑz,ˈkɡɡɑz,2
ingrian,livonian,vīļa,ˈviːʎɑ,ˈʋɑjɑ,4
ingrian,livonian,mu’r,ˈmuˀr,ˈmur,1
ingrian,livonian,kǭ’dõkskimdõ,ˈkɒːˀdəksˌkimdə,ˈkʲpdkskikime,8
ingrian,livonian,vȭlga,ˈvɯːlɡɑ,ˈʋolɡɑ,3
ingrian,livonian,pūom,ˈpuːom,ˈpoːm,2
ingrian,livonian,jǭņpǟva,ˈjɒːɲˌpæːvɑ,ˈjɑpːʋɑ,6
ingrian,livonian,si’ņņi,ˈsiˀɲːi,ˈsijɑi̯,4
ingrian,livonian,būolgõz,ˈbuːolɡəz,ˈboːɡɡzæ,5
ingrian,livonian,le’žgli,ˈleˀʒɡli,ˈleɡʒli,2
ingrian,livonian,nūoŗkazām,ˈnuːorʲˌkɑzɑːm,ˈnoːkkɑzjmmm,8
ingrian,livonian,ǟnda,ˈæːndɑ,ˈendɑ,2
ingrian,livonian,kīņḑõlpǟva,ˈkiːɲɟəlˌpæːvɑ,ˈkjɑlpːʋɑ,8
ingrian,livonian,tōgõz,ˈtɒːɡəz,ˈtɡɡz,3
ingrian,ingrian,pariskunta,ˈpɑrisˌkuntɑ,ˈpɑriskuntɑ,1
ingrian,ingrian,lankoin,ˈlɑŋkoi̯n,ˈlɑŋkoi̯ne,1
ingrian,ingrian,kaglarätti,ˈkɑɡlɑˌrætːi,ˈkɑɡlɑrætːi,1
ingrian,ingrian,protivogaza,ˈprotiʋoɡɑzɑ,ˈprotiˌʋoɡɑzɑ,1
ingrian,ingrian,polvest polvee,ˈpolʋestɑ ˈpolʋeː,ˈpolʋest ˈpolʋeː,1
ingrian,ingrian,ruttiissa,ˈrutːiːsːɑ,ˈrutiːsːɑ,1
ingrian,ingrian,antakaa,ˈɑntɑkɑː,ˈɑntɑˌkɑː,1
ingrian,ingrian,läkkämyskeeli,ˈlækːæmysˌkeːli,ˈlækæmysˌkeːli,1
ingrian,ingrian,parandža,ˈpɑrɑndʒɑ,ˈpɑrɑndɑ,1
ingrian,ingrian,ennää,ˈenæː,ˈenːæː,1
ingrian,ingrian,taanolliin,ˈtɑːnolːine,ˈtɑːnˌolːine,1
ingrian,ingrian,härkävasikka,ˈhærkæˌʋɑsikːɑ,ˈhærkæʋʋɑsikːɑ,1
ingrian,ingrian,ural,ˈurɑl,ˈurɑlːɑ,2
ingrian,ingrian,jäälontti,ˈjæːˌlontːi,ˈjæːlontːi,1
ingrian,ingrian,voimakkaamp,ˈʋoi̯mɑkːɑːmpi,ˈʋoi̯mɑkːɑˌkɑːmpi,3
ingrian,ingrian,hietöin,ˈhietøi̯n,ˈhietøi̯ne,1
ingrian,ingrian,kas,ˈkɑs,ˈkɑsːɑ,2
ingrian,ingrian,elektricestva,ˈelek.trit͡ʃestʋɑ,ˈelektrit͡ʃestʋɑʋɑ,3
ingrian,ingrian,mikälee,ˈmikæleː,ˈmikæˌleː,1
ingrian,ingrian,tulla rautahampaal,ˈtulːɑ ˈrɑu̯tɑˌhɑmpɑːlːɑ,ˈtulːɑ ˈrɑu̯tɑˌhɑmɑɑ,4
ingrian,ingrian,ööeitsi,ˈøːˌei̯t͡si,ˈøːˌit͡si,2
ingrian,ingrian,suukas,ˈsu.ukɑs,ˈsuːkɑs,2
ingrian,ingrian,vettää,ˈʋetæː,ˈʋetːæː,1
ingrian,ingrian,keerovakka,ˈkeːroˌʋɑkːɑ,ˈkeːroʋɑkːɑ,1
ingrian,ingrian,ekskavatora,ˈekskɑʋɑtorɑ,ˈekskɑˌʋɑtorɑ,1
ingrian,ingrian,meelövä,ˈmeːløʋæ,ˈmeːlʋæʋæ,2
ingrian,ingrian,jumaliin,ˈjumɑliːn,ˈjumɑline,2
ingrian,ingrian,rattaat,ˈrɑtːɑːt,ˈrɑtːɑt,1
ingrian,ingrian,alfavitta,ˈɑlfɑʋitːɑ,ˈɑlfɑˌʋitːɑ,1
ingrian,ingrian,aamuiseel,ˈɑːmui̯selːɑ,ˈɑːmui̯selːe,1
ingrian,ingrian,päätetsä,ˈpæːtet͡sæ,ˈpæːˌtet͡sæ,1
ingrian,ingrian,kohvimylly,ˈkohʋimylːy,ˈkohʋiˌmylːy,1
ingrian,ingrian,kyynel,ˈkyːnel,ˈkyːnelːæ,2
ingrian,ingrian,kääntiellä,ˈkæːnti.elːæ,ˈkæːntilelːæ,1
ingrian,ingrian,tabakerkka,ˈtɑbɑkerkːɑ,ˈtɑbɑˌkerkːɑ,1
ingrian,ingrian,iänikäin,ˈiænˌikæi̯ne,ˈiænikæi̯ne,1
ingrian,ingrian,kututella,ˈkutuˌtelːɑ,ˈkututelːɑ,1
ingrian,ingrian,kommia,ˈkomiɑ,ˈkomːiɑ,1
ingrian,ingrian,kynsvars,ˈkynsiˌʋɑrsi,ˈkynsˌʋɑrsi,1
ingrian,ingrian,naimiskauppa,ˈnɑi̯misˌkɑu̯pːɑ,ˈnɑi̯missˌkɑˌpːpːɑ,4
ingrian,ingrian,puuitikka,ˈpuːˌitikːɑ,ˈpuːiˌtikːɑ,2
ingrian,ingrian,maamunapumppu,ˈmɑːˌmunɑˌpumpːu,ˈmɑːmunˌɑpumpːu,3
ingrian,ingrian,revontulet,ˈreʋonˌtulet,ˈreʋontulet,1
ingrian,ingrian,putešestvenikka,ˈputeʃestʋenikːɑ,ˈputeʃstʋenikːɑ,1
ingrian,ingrian,oppihussa,ˈopːiˌhusːɑ,ˈopːihusːɑ,1
ingrian,ingrian,puhaskirjutos,ˈpuhɑsˌkirjutos,ˈpuhɑˌkirjutos,1
ingrian,ingrian,ruiskuilas,ˈru.isˌkui̯lɑs,ˈru.iskui̯lɑs,1
ingrian,ingrian,syrjysammal,ˈsyrjyˌsɑmːɑl,ˈsyrjyˌsɑmːɑlɑ,1
ingrian,ingrian,raputella,ˈrɑpuˌtelːɑ,ˈrɑputelːɑ,1
ingrian,ingrian,voipata,ˈʋoi̯ˌpɑtɑ,ˈʋoi̯pɑtɑ,1
ingrian,ingrian,hätäapi,ˈhætæˌɑpi,ˈhætæˌpi,1
ingrian,ingrian,vesilätikkä,ˈʋesiˌlætikːæ,ˈʋesilætikːæ,1
ingrian,ingrian,balagana,ˈbɑlɑɡɑnɑ,ˈbɑlɑˌɡɑnɑ,1
ingrian,ingrian,lusikalliin,ˈlusikɑlːine,ˈlusiˌkɑlːine,1
ingrian,ingrian,koiranuni,ˈkoi̯rɑnˌuni,ˈkoi̯rɑˌnuni,2
ingrian,ingrian,lanttupiirakka,ˈlɑntːuˌpiːrɑkːɑ,ˈlɑntːuˌpiːrɑrɑkːɑ,2
ingrian,ingrian,latinalain,ˈlɑtinɑˌlɑi̯ne,ˈlɑtinɑlɑi̯ne,1
ingrian,ingrian,kans,ˈkɑns,ˈkɑnsi,1
ingrian,ingrian,issukkivooro,ˈisːukːiˌʋoːro,ˈisukːkiˌʋoːroro,4
ingrian,ingrian,toimitussana,ˈtoi̯mitusˌsɑnɑ,ˈtoi̯mitussɑnɑ,1
ingrian,ingrian,izdateljstva,ˈizdɑtelʲstʋɑ,ˈizdɑˌtelʲstʋɑʋɑ,3
ingrian,ingrian,helmiin,ˈhelmiːn,ˈhelmine,2
ingrian,ingrian,poolest,ˈpoːlestɑ,ˈpoːlestæ,1
ingrian,ingrian,näkkyä,ˈnækyæ,ˈnækːyæ,1
ingrian,ingrian,kanappia,ˈkɑnɑpːiɑ,ˈkɑnɑˌpiɑ,2
ingrian,ingrian,pääsiäin,ˈpæːsi.æi̯ne,ˈpæːsiæjæi̯ne,2
ingrian,ingrian,slona,ˈslonɑ,ˈsllonɑ,1
ingrian,ingrian,onnekasta joulua!,ˈonːekɑstɑ ˈjou̯luɑ,ˈonːeˌkɑstɑ ˈjou̯luɑ,1
ingrian,ingrian,dispetcera,ˈdispett͡ʃerɑ,ˈdispet͡ʃerɑ,1
ingrian,ingrian,yläsokka,ˈylæˌsokːɑ,ˈylæsokːɑ,1
ingrian,ingrian,snaakka,ˈsnɑːkːɑ,ˈsnɑɑːkːɑ,1
ingrian,ingrian,sinkkiin,ˈsiŋkːiːn,ˈsiŋkːiːne,1
ingrian,ingrian,avtora,ˈɑftorɑ,ˈɑʋtorɑ,1
ingrian,ingrian,vesimaonkotain,ˈʋesiˌmɑonˌkotɑi̯ne,ˈʋesiˌmɑonokotɑi̯ne,1
ingrian,ingrian,kommia,ˈkomijɑ,ˈkomːiɑ,2
ingrian,ingrian,konslee,ˈkonsleː,ˈkonsˌleː,1
ingrian,ingrian,petäjälatva,ˈpetæjæˌlɑtʋɑ,ˈpetæjæˌlɑtʋɑʋɑ,2
ingrian,ingrian,kotiisäntä,ˈkotiˌisæntæ,ˈkotiˌsæntæ,1
ingrian,ingrian,loont,ˈloːntɑ,ˈloːnt,1
ingrian,ingrian,yhenlaajain,ˈyhenlɑːjɑi̯ne,ˈyhenˌlɑːjɑi̯ne,1
ingrian,ingrian,alkuškoulu,ˈɑlkuˌʃkou̯lu,ˈɑlkuʃʃkou̯lu,1
ingrian,ingrian,translativa,ˈtrɑnslɑtiʋɑ,ˈtrɑnsslɑtiʋɑ,1
ingrian,ingrian,kallio,ˈkɑljo,ˈkɑlːio,2
ingrian,ingrian,essiiva,ˈesːiːʋɑ,ˈesːiʋɑ,1
ingrian,ingrian,heenoluin,ˈheːnoˌlui̯ne,ˈheːnolui̯ne,1
ingrian,ingrian,alaspäin,ˈɑlɑsˌpæi̯,ˈɑlɑsˌpæi̯ne,2
ingrian,ingrian,geografia,ˈɡeo.ɡrɑfiɑ,ˈɡeoˌɡrɑfiɑ,1
ingrian,ingrian,näin,ˈnæ.in,ˈnæi̯ne,3
ingrian,ingrian,pettelikkodurakka,ˈpetːelikːoˌdurɑkːɑ,ˈpetːelikkoduˌrurɑkːɑ,4
ingrian,ingrian,aijaa olutta,ˈɑjɑː ˈolutːɑ,ˈɑi̯jɑː ˈolutːɑ,2
ingrian,ingrian,näkköin,ˈnækːøi̯n,ˈnækːøi̯ne,1
ingrian,ingrian,lakiain,ˈlɑkijɑi̯ne,ˈlɑkiɑɑi̯ne,1
ingrian,ingrian,maahiin,ˈmɑːhine,ˈmɑːhiːne,1
ingrian,ingrian,käppiäst,ˈkæpiæstæ,ˈkæpːiæstæ,1
ingrian,ingrian,meekäs,ˈme.ekæs,ˈmeːkæs,2
ingrian,ingrian,sukunimi,ˈsukuˌnimi,ˈsukunˌmimi,2
ingrian,ingrian,konsonanttabukva,ˈkonsoˌnɑntːɑˌbukʋɑ,ˈkonsonɑnˌtɑbukːɑ,5
ingrian,ingrian,oopьtta,ˈoːpɨtːɑ,ˈoːpːtːɑ,1
ingrian,ingrian,tappaa,ˈtɑpɑː,ˈtɑpːɑː,1
ingrian,ingrian,hässiä,ˈhæsːiæ,ˈhæsiæ,1
ingrian,ingrian,puhasliitsain,ˈpuhɑsˌliːt͡sɑi̯ne,ˈpuhɑˌliːt͡sɑi̯ne,1
ingrian,ingrian,hyvvää matkaa,ˈhyʋæː ˈmɑtkɑː,ˈhyʋæː ˈmɑtkɑtkɑː,3
ingrian,ingrian,ukkoraiska,ˈukːoˌrɑi̯skɑ,ˈukːorɑi̯skɑ,1
ingrian,ingrian,pikkurilli,ˈpikːuˌrilːi,ˈpikːurilːi,1
ingrian,ingrian,pööriä,ˈpøːrijæ,ˈpøːriæ,1
ingrian,ingrian,stokana,ˈstokɑnɑ,ˈstoˌkɑnɑ,1
ingrian,ingrian,kanasakkeli,ˈkɑnɑˌsɑkːeli,ˈkɑnɑsɑkːeli,1
ingrian,ingrian,astavoija,ˈɑstɑʋoi̯jɑ,ˈɑstɑˌʋoi̯jɑ,1
ingrian,ingrian,koivuin,ˈkoi̯ʋui̯n,ˈkoi̯ʋui̯ne,1
ingrian,ingrian,veekäs,ˈʋe.ekæs,ˈʋeːkæs,2
ingrian,ingrian,adjektiva,ˈɑdjektiʋɑ,ˈɑdʲektiʋɑ,1
ingrian,ingrian,pihlajamarjalintu,ˈpihlɑjɑˌmɑrjɑˌlintu,ˈpihlɑˌɑmmɑrjɑˌlɑlintutu,6
ingrian,ingrian,ruiskovain,ˈru.isˌkoʋɑne,ˈru.iskkoʋɑi̯ne,3
ingrian,ingrian,alassin,ˈɑlɑsːin,ˈɑlɑsːine,1
ingrian,ingrian,cikerrellä,ˈt͡ʃikerːelːæ,ˈt͡i̯kerːelːæ,2
ingrian,ingrian,raetuuca,ˈrɑeˌtuːt͡ʃɑ,ˈrɑetuːt͡ʃɑ,1
ingrian,ingrian,kullua,ˈkuluɑ,ˈkulːuɑ,1
ingrian,ingrian,jälel,ˈjælelːæ,ˈjælel,2
ingrian,ingrian,liikutin,ˈliːkutine,ˈliːkutin,1
ingrian,ingrian,tapahos,ˈtɑpɑ.os,ˈtɑpɑhos,1
ingrian,ingrian,kärkkilatva,ˈkærkːiˌlɑtʋɑ,ˈkærkːiˌlɑtʋɑʋɑ,2
ingrian,ingrian,kyssyä anteeks,ˈkysyæ ˈɑnteːksi,ˈkysyæ ˈɑnteːkse,1
ingrian,ingrian,poikkinain,ˈpoi̯kːinɑi̯ne,ˈpoi̯kːiˌnɑi̯ne,1
ingrian,ingrian,lesorirattaat,ˈlesoriˌrɑtːɑːt,ˈlesorirɑtːɑːt,1
ingrian,ingrian,puuraenta,ˈpuːˌrɑentɑ,ˈpuːrɑnetɑ,3
ingrian,ingrian,pedronaatto,ˈpedronˌɑːtːo,ˈpedroˌnɑːtːo,2
