fraction,n_train,dev_per_rules_off,dev_acc_rules_off,dev_per_rules_on,dev_acc_rules_on
0.1,55,0.3265720081135903,0.07246376811594203,0.2799188640973631,0.14492753623188406
0.2,110,0.13184584178498987,0.42028985507246375,0.07910750507099391,0.6086956521739131
0.3,166,0.12981744421906694,0.4782608695652174,0.07099391480730223,0.6521739130434783
0.4,221,0.07302231237322515,0.6086956521739131,0.04056795131845842,0.7971014492753623
0.5,276,0.056795131845841784,0.7101449275362319,0.038539553752535496,0.8260869565217391
0.6,331,0.05476673427991886,0.7536231884057971,0.05070993914807302,0.7536231884057971
0.7,386,0.038539553752535496,0.8115942028985508,0.04056795131845842,0.8405797101449275
0.8,442,0.04665314401622718,0.7681159420289855,0.030425963488843813,0.8405797101449275
0.9,497,0.034482758620689655,0.8115942028985508,0.030425963488843813,0.8695652173913043
1.0,552,0.030425963488843813,0.8405797101449275,0.02434077079107505,0.8840579710144928
