fraction,n_train,dev_per,dev_acc
0.1,199,0.046524356869184456,0.7661290322580645
0.2,397,0.02736726874657909,0.8669354838709677
0.3,596,0.020251778872468526,0.9032258064516129
0.4,795,0.011494252873563218,0.9395161290322581
0.5,994,0.011494252873563218,0.9354838709677419
0.6,1192,0.014778325123152709,0.9314516129032258
0.7,1391,0.01532567049808429,0.9193548387096774
0.8,1590,0.009852216748768473,0.9516129032258065
0.9,1788,0.00875752599890531,0.9596774193548387
1.0,1987,0.0071154898741105635,0.9596774193548387
