language,grapheme,gold,prediction,edit_distance
karelian,pyššy,ˈpyʃːy,ˈpyʃʃy,1
karelian,muakondie,ˈmuɑ̯ˌkondie̯,ˈmuɑ̯ˌkondʲe,2
karelian,toine toizen,ˈtoi̯nʲe ˌtoi̯zen,ˈtoi̯nʲeˌtoi̯nʲen,3
karelian,kofei,ˈkofei̯,ˈkofei,1
karelian,tammikko,ˈtɑmːikːo,ˈtamːikːo,1
karelian,allaviivata,ˈɑlːɑˌʋiːʋɑtɑ,ˈɑlːɑˌʋiːʋɑ,2
karelian,čičiliušku,ˈt͡ʃit͡ʃiˌlʲiu̯ʃku,ˈt͡ʃit͡ʃiˌluʃkː,4
karelian,ahtivo,ˈɑhtʲiʋo,ˈɑhtʲio̯,2
karelian,niätä,ˈnʲiæ̯tæ,ˈnʲiæ̯tʲæ,1
livonian,ä’busk,ˈæˀbˌusk,ˈæˀbusk,1
livonian,prațțõ,ˈprɑcːə,ˈprɑccə,1
livonian,äbjõvā,ˈæˀbˌjɯvɑː,ˈæbjɯvɑː,2
livonian,jūrõ,ˈjuːˀrə,ˈjuːrə,1
livonian,pūmpar,ˈpuːmpɑr,ˈpuːmˌpɑr,1
livonian,ēstimǭ,ˈeːstiˌmɒː,ˈeːstˌmɒː,1
livonian,mie’rnaigā,ˈmieˀrnˌɑiɡɑː,ˈmieˀrˌnɑiɡɑː,2
livonian,kukurūz,ˈkukuruːz,ˈkukuruuːz,1
livonian,kuo’žžõ,ˈkuoˀʒːə,ˈkuoˀʒʒə,1
livonian,apostrōf,ˈɑpostroːf,ˈɑpostˌroːf,1
livonian,vaņšti,ˈvɑɲʃti,ˈvɑɲʃt,1
livonian,entsiklopēdij,ˈentsiklopeːdij,ˈentsikˌpoːedij,4
livonian,ä’bõigi,ˈæˀbˌɯiɡi,ˈæˀbəiɡi,2
livonian,tōgõz,ˈtɒːɡəz,ˈtoːɡəz,1
ingrian,pariskunta,ˈpɑrisˌkuntɑ,ˈpɑriskuntɑ,1
ingrian,lankoin,ˈlɑŋkoi̯n,ˈlɑŋkoi̯ne,1
ingrian,kaglarätti,ˈkɑɡlɑˌrætːi,ˈkɑɡlɑrætːi,1
ingrian,protivogaza,ˈprotiʋoɡɑzɑ,ˈprotiˌʋoɡɑzɑ,1
ingrian,polvest polvee,ˈpolʋestɑ ˈpolʋeː,ˈpolʋest ˈpolʋeː,1
ingrian,ruttiissa,ˈrutːiːsːɑ,ˈrutiːsːɑ,1
ingrian,antakaa,ˈɑntɑkɑː,ˈɑntɑˌkɑː,1
ingrian,läkkämyskeeli,ˈlækːæmysˌkeːli,ˈlækæmysˌkeːli,1
ingrian,parandža,ˈpɑrɑndʒɑ,ˈpɑrɑndɑ,1
ingrian,ennää,ˈenæː,ˈenːæː,1
ingrian,taanolliin,ˈtɑːnolːine,ˈtɑːnˌolːine,1
ingrian,härkävasikka,ˈhærkæˌʋɑsikːɑ,ˈhærkæʋʋɑsikːɑ,1
ingrian,ural,ˈurɑl,ˈurɑlːɑ,2
ingrian,jäälontti,ˈjæːˌlontːi,ˈjæːlontːi,1
ingrian,voimakkaamp,ˈʋoi̯mɑkːɑːmpi,ˈʋoi̯mɑkːɑˌkɑːmpi,3
ingrian,hietöin,ˈhietøi̯n,ˈhietøi̯ne,1
ingrian,kas,ˈkɑs,ˈkɑsːɑ,2
ingrian,elektricestva,ˈelek.trit͡ʃestʋɑ,ˈelektrit͡ʃestʋɑʋɑ,3
ingrian,mikälee,ˈmikæleː,ˈmikæˌleː,1
ingrian,tulla rautahampaal,ˈtulːɑ ˈrɑu̯tɑˌhɑmpɑːlːɑ,ˈtulːɑ ˈrɑu̯tɑˌhɑmɑɑ,4
ingrian,ööeitsi,ˈøːˌei̯t͡si,ˈøːˌit͡si,2
ingrian,suukas,ˈsu.ukɑs,ˈsuːkɑs,2
ingrian,vettää,ˈʋetæː,ˈʋetːæː,1
ingrian,keerovakka,ˈkeːroˌʋɑkːɑ,ˈkeːroʋɑkːɑ,1
ingrian,ekskavatora,ˈekskɑʋɑtorɑ,ˈekskɑˌʋɑtorɑ,1
ingrian,meelövä,ˈmeːløʋæ,ˈmeːlʋæʋæ,2
ingrian,jumaliin,ˈjumɑliːn,ˈjumɑline,2
ingrian,rattaat,ˈrɑtːɑːt,ˈrɑtːɑt,1
ingrian,alfavitta,ˈɑlfɑʋitːɑ,ˈɑlfɑˌʋitːɑ,1
ingrian,aamuiseel,ˈɑːmui̯selːɑ,ˈɑːmui̯selːe,1
ingrian,päätetsä,ˈpæːtet͡sæ,ˈpæːˌtet͡sæ,1
ingrian,kohvimylly,ˈkohʋimylːy,ˈkohʋiˌmylːy,1
ingrian,kyynel,ˈkyːnel,ˈkyːnelːæ,2
ingrian,kääntiellä,ˈkæːnti.elːæ,ˈkæːntilelːæ,1
ingrian,tabakerkka,ˈtɑbɑkerkːɑ,ˈtɑbɑˌkerkːɑ,1
ingrian,iänikäin,ˈiænˌikæi̯ne,ˈiænikæi̯ne,1
ingrian,kututella,ˈkutuˌtelːɑ,ˈkututelːɑ,1
ingrian,kommia,ˈkomiɑ,ˈkomːiɑ,1
ingrian,kynsvars,ˈkynsiˌʋɑrsi,ˈkynsˌʋɑrsi,1
ingrian,naimiskauppa,ˈnɑi̯misˌkɑu̯pːɑ,ˈnɑi̯missˌkɑˌpːpːɑ,4
ingrian,puuitikka,ˈpuːˌitikːɑ,ˈpuːiˌtikːɑ,2
ingrian,maamunapumppu,ˈmɑːˌmunɑˌpumpːu,ˈmɑːmunˌɑpumpːu,3
ingrian,revontulet,ˈreʋonˌtulet,ˈreʋontulet,1
ingrian,putešestvenikka,ˈputeʃestʋenikːɑ,ˈputeʃstʋenikːɑ,1
ingrian,oppihussa,ˈopːiˌhusːɑ,ˈopːihusːɑ,1
ingrian,puhaskirjutos,ˈpuhɑsˌkirjutos,ˈpuhɑˌkirjutos,1
ingrian,ruiskuilas,ˈru.isˌkui̯lɑs,ˈru.iskui̯lɑs,1
ingrian,syrjysammal,ˈsyrjyˌsɑmːɑl,ˈsyrjyˌsɑmːɑlɑ,1
ingrian,raputella,ˈrɑpuˌtelːɑ,ˈrɑputelːɑ,1
ingrian,voipata,ˈʋoi̯ˌpɑtɑ,ˈʋoi̯pɑtɑ,1
ingrian,hätäapi,ˈhætæˌɑpi,ˈhætæˌpi,1
ingrian,vesilätikkä,ˈʋesiˌlætikːæ,ˈʋesilætikːæ,1
ingrian,balagana,ˈbɑlɑɡɑnɑ,ˈbɑlɑˌɡɑnɑ,1
ingrian,lusikalliin,ˈlusikɑlːine,ˈlusiˌkɑlːine,1
ingrian,koiranuni,ˈkoi̯rɑnˌuni,ˈkoi̯rɑˌnuni,2
ingrian,lanttupiirakka,ˈlɑntːuˌpiːrɑkːɑ,ˈlɑntːuˌpiːrɑrɑkːɑ,2
ingrian,latinalain,ˈlɑtinɑˌlɑi̯ne,ˈlɑtinɑlɑi̯ne,1
ingrian,kans,ˈkɑns,ˈkɑnsi,1
ingrian,issukkivooro,ˈisːukːiˌʋoːro,ˈisukːkiˌʋoːroro,4
ingrian,toimitussana,ˈtoi̯mitusˌsɑnɑ,ˈtoi̯mitussɑnɑ,1
ingrian,izdateljstva,ˈizdɑtelʲstʋɑ,ˈizdɑˌtelʲstʋɑʋɑ,3
ingrian,helmiin,ˈhelmiːn,ˈhelmine,2
ingrian,poolest,ˈpoːlestɑ,ˈpoːlestæ,1
ingrian,näkkyä,ˈnækyæ,ˈnækːyæ,1
ingrian,kanappia,ˈkɑnɑpːiɑ,ˈkɑnɑˌpiɑ,2
ingrian,pääsiäin,ˈpæːsi.æi̯ne,ˈpæːsiæjæi̯ne,2
ingrian,slona,ˈslonɑ,ˈsllonɑ,1
ingrian,onnekasta joulua!,ˈonːekɑstɑ ˈjou̯luɑ,ˈonːeˌkɑstɑ ˈjou̯luɑ,1
ingrian,dispetcera,ˈdispett͡ʃerɑ,ˈdispet͡ʃerɑ,1
ingrian,yläsokka,ˈylæˌsokːɑ,ˈylæsokːɑ,1
ingrian,snaakka,ˈsnɑːkːɑ,ˈsnɑɑːkːɑ,1
ingrian,sinkkiin,ˈsiŋkːiːn,ˈsiŋkːiːne,1
ingrian,avtora,ˈɑftorɑ,ˈɑʋtorɑ,1
ingrian,vesimaonkotain,ˈʋesiˌmɑonˌkotɑi̯ne,ˈʋesiˌmɑonokotɑi̯ne,1
ingrian,kommia,ˈkomijɑ,ˈkomːiɑ,2
ingrian,konslee,ˈkonsleː,ˈkonsˌleː,1
ingrian,petäjälatva,ˈpetæjæˌlɑtʋɑ,ˈpetæjæˌlɑtʋɑʋɑ,2
ingrian,kotiisäntä,ˈkotiˌisæntæ,ˈkotiˌsæntæ,1
ingrian,loont,ˈloːntɑ,ˈloːnt,1
ingrian,yhenlaajain,ˈyhenlɑːjɑi̯ne,ˈyhenˌlɑːjɑi̯ne,1
ingrian,alkuškoulu,ˈɑlkuˌʃkou̯lu,ˈɑlkuʃʃkou̯lu,1
ingrian,translativa,ˈtrɑnslɑtiʋɑ,ˈtrɑnsslɑtiʋɑ,1
ingrian,kallio,ˈkɑljo,ˈkɑlːio,2
ingrian,essiiva,ˈesːiːʋɑ,ˈesːiʋɑ,1
ingrian,heenoluin,ˈheːnoˌlui̯ne,ˈheːnolui̯ne,1
ingrian,alaspäin,ˈɑlɑsˌpæi̯,ˈɑlɑsˌpæi̯ne,2
ingrian,geografia,ˈɡeo.ɡrɑfiɑ,ˈɡeoˌɡrɑfiɑ,1
ingrian,näin,ˈnæ.in,ˈnæi̯ne,3
ingrian,pettelikkodurakka,ˈpetːelikːoˌdurɑkːɑ,ˈpetːelikkoduˌrurɑkːɑ,4
ingrian,aijaa olutta,ˈɑjɑː ˈolutːɑ,ˈɑi̯jɑː ˈolutːɑ,2
ingrian,näkköin,ˈnækːøi̯n,ˈnækːøi̯ne,1
ingrian,lakiain,ˈlɑkijɑi̯ne,ˈlɑkiɑɑi̯ne,1
ingrian,maahiin,ˈmɑːhine,ˈmɑːhiːne,1
ingrian,käppiäst,ˈkæpiæstæ,ˈkæpːiæstæ,1
ingrian,meekäs,ˈme.ekæs,ˈmeːkæs,2
ingrian,sukunimi,ˈsukuˌnimi,ˈsukunˌmimi,2
ingrian,konsonanttabukva,ˈkonsoˌnɑntːɑˌbukʋɑ,ˈkonsonɑnˌtɑbukːɑ,5
ingrian,oopьtta,ˈoːpɨtːɑ,ˈoːpːtːɑ,1
ingrian,tappaa,ˈtɑpɑː,ˈtɑpːɑː,1
ingrian,hässiä,ˈhæsːiæ,ˈhæsiæ,1
ingrian,puhasliitsain,ˈpuhɑsˌliːt͡sɑi̯ne,ˈpuhɑˌliːt͡sɑi̯ne,1
ingrian,hyvvää matkaa,ˈhyʋæː ˈmɑtkɑː,ˈhyʋæː ˈmɑtkɑtkɑː,3
ingrian,ukkoraiska,ˈukːoˌrɑi̯skɑ,ˈukːorɑi̯skɑ,1
ingrian,pikkurilli,ˈpikːuˌrilːi,ˈpikːurilːi,1
ingrian,pööriä,ˈpøːrijæ,ˈpøːriæ,1
ingrian,stokana,ˈstokɑnɑ,ˈstoˌkɑnɑ,1
ingrian,kanasakkeli,ˈkɑnɑˌsɑkːeli,ˈkɑnɑsɑkːeli,1
ingrian,astavoija,ˈɑstɑʋoi̯jɑ,ˈɑstɑˌʋoi̯jɑ,1
ingrian,koivuin,ˈkoi̯ʋui̯n,ˈkoi̯ʋui̯ne,1
ingrian,veekäs,ˈʋe.ekæs,ˈʋeːkæs,2
ingrian,adjektiva,ˈɑdjektiʋɑ,ˈɑdʲektiʋɑ,1
ingrian,pihlajamarjalintu,ˈpihlɑjɑˌmɑrjɑˌlintu,ˈpihlɑˌɑmmɑrjɑˌlɑlintutu,6
ingrian,ruiskovain,ˈru.isˌkoʋɑne,ˈru.iskkoʋɑi̯ne,3
ingrian,alassin,ˈɑlɑsːin,ˈɑlɑsːine,1
ingrian,cikerrellä,ˈt͡ʃikerːelːæ,ˈt͡i̯kerːelːæ,2
ingrian,raetuuca,ˈrɑeˌtuːt͡ʃɑ,ˈrɑetuːt͡ʃɑ,1
ingrian,kullua,ˈkuluɑ,ˈkulːuɑ,1
ingrian,jälel,ˈjælelːæ,ˈjælel,2
ingrian,liikutin,ˈliːkutine,ˈliːkutin,1
ingrian,tapahos,ˈtɑpɑ.os,ˈtɑpɑhos,1
ingrian,kärkkilatva,ˈkærkːiˌlɑtʋɑ,ˈkærkːiˌlɑtʋɑʋɑ,2
ingrian,kyssyä anteeks,ˈkysyæ ˈɑnteːksi,ˈkysyæ ˈɑnteːkse,1
ingrian,poikkinain,ˈpoi̯kːinɑi̯ne,ˈpoi̯kːiˌnɑi̯ne,1
ingrian,lesorirattaat,ˈlesoriˌrɑtːɑːt,ˈlesorirɑtːɑːt,1
ingrian,puuraenta,ˈpuːˌrɑentɑ,ˈpuːrɑnetɑ,3
ingrian,pedronaatto,ˈpedronˌɑːtːo,ˈpedroˌnɑːtːo,2
